mini,faction,material,edition,year
Baharroth Wings,Craftworlds,Metal,Warhammer 40K: Rogue Trader,1990
Warp Spiders,Craftworlds,Finecast,Warhammer 40K: 2nd Edition,1994
Avatar of Khaine,Craftworlds,Finecast,Warhammer 40K: 2nd Edition,1994
Asurmen,Craftworlds,Finecast,Warhammer 40K: 2nd Edition,1994
Karandras,Craftworlds,Finecast,Warhammer 40K: 2nd Edition,1994
Fuegan,Craftworlds,Metal,Warhammer 40K: 2nd Edition,1994
Baharroth,Craftworlds,Metal,Warhammer 40K: 2nd Edition,1994
Maugan Ra,Craftworlds,Finecast,Warhammer 40K: 2nd Edition,1994
Warp Spider Exarch,Craftworlds,Finecast,Warhammer 40K: 2nd Edition,1994
Warlock with Witchblade,Craftworlds,Finecast,Warhammer 40K: 2nd Edition,1994
Warlock with Spear,Craftworlds,Finecast,Warhammer 40K: 2nd Edition,1994
Shining Spears and Autarch Skyrunner,Craftworlds,Plastic,Warhammer 40K: 2nd Edition,1994
Vyper,Craftworlds,Plastic,Warhammer 40K: 2nd Edition,1997
Falcon,Craftworlds,Plastic,Warhammer 40K: 2nd Edition,1997
Warlock with Witchblade,Craftworlds,Metal,Warhammer 40K: 3rd Edition,1999
Guardian Squad,Craftworlds,Plastic,Warhammer 40K: 3rd Edition,1999
Shining Spears,Craftworlds,Finecast,Warhammer 40K: 3rd Edition,1999
Shining Spears Exarch,Craftworlds,Finecast,Warhammer 40K: 3rd Edition,1999
Swooping Hawks,Craftworlds,Finecast,Warhammer 40K: 3rd Edition,2000
Warlock with Witchblade 2,Craftworlds,Finecast,Warhammer 40K: 3rd Edition,2003
Storm Guardians,Craftworlds,Finecast,Warhammer 40K: 3rd Edition,2003
Wave Serpent,Craftworlds,Plastic,Warhammer 40K: 4th Edition,2005
Rangers,Craftworlds,Finecast,Warhammer 40K: 4th Edition,2006
Guardian Heavy Weapon Platform,Craftworlds,Plastic,Warhammer 40K: 4th Edition,2006
Farseer (and the Farseer and Warlocks box),Craftworlds,Finecast,Warhammer 40K: 4th Edition,2006
Prince Yriel,Craftworlds,Finecast,Warhammer 40K: 4th Edition,2006
Striking Scorpions,Craftworlds,Finecast,Warhammer 40K: 4th Edition,2006
Dire Avengers,Craftworlds,Plastic,Warhammer 40K: 4th Edition,2006
Dark Reapers,Craftworlds,Finecast,Warhammer 40K: 4th Edition,2006
War Walker,Craftworlds,Plastic,Warhammer 40K: 4th Edition,2006
Vehicle Heavy Weapon Sprue,Craftworlds,Plastic,Warhammer 40K: 4th Edition,2006
Fire Dragons,Craftworlds,Finecast,Warhammer 40K: 4th Edition,2006
Wraithlord,Craftworlds,Plastic,Warhammer 40K: 4th Edition,2006
Autarch Skyrunner,Craftworlds,Finecast,Warhammer 40K: 4th Edition,2007
Support Weapon,Craftworlds,Plastic,Warhammer 40K: 5th Edition,2010
Fire Prism,Craftworlds,Plastic,Warhammer 40K: 5th Edition,2010
Night Spinner,Craftworlds,Plastic,Warhammer 40K: 5th Edition,2010
Wraithknight,Craftworlds,Plastic,Warhammer 40K: 6th Edition,2013
Wraithguard,Craftworlds,Plastic,Warhammer 40K: 6th Edition,2013
Wraithblades,Craftworlds,Plastic,Warhammer 40K: 6th Edition,2013
Illic Nightspear,Craftworlds,Finecast,Warhammer 40K: 6th Edition,2013
Farseer,Craftworlds,Plastic,Warhammer 40K: 6th Edition,2013
Hemlock Wraithfighter,Craftworlds,Plastic,Warhammer 40K: 6th Edition,2013
Crimson Hunter,Craftworlds,Plastic,Warhammer 40K: 6th Edition,2013
Autarch,Craftworlds,Plastic,Warhammer 40K: 7th Edition,2015
Farseer Skyrunner,Craftworlds,Plastic,Warhammer 40K: 7th Edition,2015
Warlock Skyrunner,Craftworlds,Plastic,Warhammer 40K: 7th Edition,2015
Windriders,Craftworlds,Plastic,Warhammer 40K: 7th Edition,2015
Eldrad Ulthran,Craftworlds,Plastic,Warhammer 40K: 7th Edition,2016
Spiritseer,Craftworlds,Plastic,Warhammer 40K: 8th Edition,2018
Jain Zar,Craftworlds,Plastic,Warhammer 40K: 8th Edition,2019
Howling Banshees,Craftworlds,Plastic,Warhammer 40K: 8th Edition,2019
Shroud Runners,Craftworlds,Plastic,Warhammer 40K: 9th Edition,2022
Rangers,Craftworlds,Plastic,Warhammer 40K: 9th Edition,2022
Autarch,Craftworlds,Plastic,Warhammer 40K: 9th Edition,2022
Maugan Ra,Craftworlds,Plastic,Warhammer 40K: 9th Edition,2022
Dark Reapers,Craftworlds,Plastic,Warhammer 40K: 9th Edition,2022
Warlocks,Craftworlds,Plastic,Warhammer 40K: 9th Edition,2022
Guardians,Craftworlds,Plastic,Warhammer 40K: 9th Edition,2022
Storm Guardians,Craftworlds,Plastic,Warhammer 40K: 9th Edition,2022
Avatar of Khaine,Craftworlds,Plastic,Warhammer 40K: 9th Edition,2022
Shining Spears,Craftworlds,Plastic,Warhammer 40K: 9th Edition,2022
Kabalite Warriors,Drukhari,Plastic,Warhammer 40K: 5th Edition,2010
Wyches,Drukhari,Plastic,Warhammer 40K: 5th Edition,2010
Reavers,Drukhari,Plastic,Warhammer 40K: 5th Edition,2010
Hellions,Drukhari,Plastic,Warhammer 40K: 5th Edition,2010
Raider,Drukhari,Plastic,Warhammer 40K: 5th Edition,2010
Ravager,Drukhari,Plastic,Warhammer 40K: 5th Edition,2010
Mandrakes,Drukhari,Finecast,Warhammer 40K: 5th Edition,2010
Urien Rakarth,Drukhari,Finecast,Warhammer 40K: 5th Edition,2010
Lelith Hesperax,Drukhari,Finecast,Warhammer 40K: 5th Edition,2010
Beastmaster,Drukhari,Finecast,Warhammer 40K: 5th Edition,2011
Khymerae,Drukhari,Finecast,Warhammer 40K: 5th Edition,2011
Clawed Fiend,Drukhari,Finecast,Warhammer 40K: 5th Edition,2011
Razorwing Flock,Drukhari,Finecast,Warhammer 40K: 5th Edition,2011
Scourges,Drukhari,Plastic,Warhammer 40K: 5th Edition,2011
Talos,Drukhari,Plastic,Warhammer 40K: 5th Edition,2011
Cronos,Drukhari,Plastic,Warhammer 40K: 5th Edition,2011
Razorwing Jetfighter,Drukhari,Plastic,Warhammer 40K: 5th Edition,2011
Venom,Drukhari,Plastic,Warhammer 40K: 5th Edition,2011
Grotesque,Drukhari,Finecast,Warhammer 40K: 5th Edition,2011
Ur-Ghul,Drukhari,Finecast,Warhammer 40K: 5th Edition,2011
Medusae,Drukhari,Finecast,Warhammer 40K: 5th Edition,2011
Sslyth,Drukhari,Finecast,Warhammer 40K: 5th Edition,2011
Lhamaean,Drukhari,Finecast,Warhammer 40K: 5th Edition,2011
Haemonculus,Drukhari,Plastic,Warhammer 40K: 6th Edition,2014
Wracks,Drukhari,Plastic,Warhammer 40K: 6th Edition,2014
Voidraven Bomber,Drukhari,Plastic,Warhammer 40K: 6th Edition,2014
Succubus,Drukhari,Plastic,Warhammer 40K: 6th Edition,2014
Archon,Drukhari,Plastic,Warhammer 40K: 6th Edition,2014
Drazhar,Drukhari,Plastic,Warhammer 40K: 8th Edition,2019
Incubi,Drukhari,Plastic,Warhammer 40K: 8th Edition,2019
Lelith Hesperax,Drukhari,Plastic,Warhammer 40K: 9th Edition,2021
Troupe,Harlequins,Plastic,Warhammer 40K: 7th Edition,2015
Troupe Master,Harlequins,Plastic,Warhammer 40K: 7th Edition,2015
Solitaire,Harlequins,Plastic,Warhammer 40K: 7th Edition,2015
Death Jester,Harlequins,Plastic,Warhammer 40K: 7th Edition,2015
Shadowseer,Harlequins,Plastic,Warhammer 40K: 7th Edition,2015
Skyweavers,Harlequins,Plastic,Warhammer 40K: 7th Edition,2015
Starweaver,Harlequins,Plastic,Warhammer 40K: 7th Edition,2015
Voidweaver,Harlequins,Plastic,Warhammer 40K: 7th Edition,2015
The Yncarne,Ynnari,Plastic,Warhammer 40K: 7th Edition,2017
Yvraine,Ynnari,Plastic,Warhammer 40K: 7th Edition,2017
The Visarch,Ynnari,Plastic,Warhammer 40K: 7th Edition,2017
Scout Sentinel,Genestealer_Cult,Plastic,Warhammer 40K: 5th Edition,2009
Leman Russ,Genestealer_Cult,Plastic,Warhammer 40K: 5th Edition,2010
Goliath Truck,Genestealer_Cult,Plastic,Warhammer 40K: 7th Edition,2016
Goliath Rockgrinder,Genestealer_Cult,Plastic,Warhammer 40K: 7th Edition,2016
Broodcoven,Genestealer_Cult,Plastic,Warhammer 40K: 7th Edition,2016
Acolyte Hybrids,Genestealer_Cult,Plastic,Warhammer 40K: 7th Edition,2016
Hybrid Metamorphs,Genestealer_Cult,Plastic,Warhammer 40K: 7th Edition,2016
Neophyte Hybrids,Genestealer_Cult,Plastic,Warhammer 40K: 7th Edition,2016
Acolyte Iconward,Genestealer_Cult,Plastic,Warhammer 40K: 7th Edition,2016
Brood Brothers,Genestealer_Cult,Plastic,Warhammer 40K: 7th Edition,2016
Aberrants,Genestealer_Cult,Plastic,Warhammer 40K: 8th Edition,2018
Abominant,Genestealer_Cult,Plastic,Warhammer 40K: 8th Edition,2018
Kelermorph,Genestealer_Cult,Plastic,Warhammer 40K: 8th Edition,2019
Achilles Ridgerunner,Genestealer_Cult,Plastic,Warhammer 40K: 8th Edition,2019
Atalan Jackals,Genestealer_Cult,Plastic,Warhammer 40K: 8th Edition,2019
Biophagus,Genestealer_Cult,Plastic,Warhammer 40K: 8th Edition,2019
Clamavus,Genestealer_Cult,Plastic,Warhammer 40K: 8th Edition,2019
Nexos,Genestealer_Cult,Plastic,Warhammer 40K: 8th Edition,2019
Sanctus,Genestealer_Cult,Plastic,Warhammer 40K: 8th Edition,2019
Jackal Alphus,Genestealer_Cult,Plastic,Warhammer 40K: 8th Edition,2019
Locus,Genestealer_Cult,Plastic,Warhammer 40K: 8th Edition,2019
Magus,Genestealer_Cult,Plastic,Warhammer 40K: 8th Edition,2019
Reductus Saboteur,Genestealer_Cult,Plastic,Warhammer 40K: 9th Edition,2021
Termagant Brood,Tyranids,Plastic,Warhammer 40K: 3rd Edition,2001
Hormagaunt Brood,Tyranids,Plastic,Warhammer 40K: 3rd Edition,2001
Red Terror,Tyranids,Finecast,Warhammer 40K: 3rd Edition,2001
Spore Mine Cluster,Tyranids,Finecast,Warhammer 40K: 3rd Edition,2001
Genestealer Brood,Tyranids,Plastic,Warhammer 40K: 4th Edition,2005
Carnifex Brood,Tyranids,Plastic,Warhammer 40K: 4th Edition,2005
Screamer-killer Brood,Tyranids,Plastic,Warhammer 40K: 4th Edition,2005
Old One Eye,Tyranids,Plastic,Warhammer 40K: 4th Edition,2005
Lictor,Tyranids,Finecast,Warhammer 40K: 4th Edition,2005
Deathleaper,Tyranids,Finecast,Warhammer 40K: 4th Edition,2006
Biovore,Tyranids,Finecast,Warhammer 40K: 4th Edition,2006
Trygon,Tyranids,Plastic,Warhammer 40K: 5th Edition,2010
Mawloc,Tyranids,Plastic,Warhammer 40K: 5th Edition,2010
Ravener Brood,Tyranids,Plastic,Warhammer 40K: 5th Edition,2010
Gargoyle Brood,Tyranids,Plastic,Warhammer 40K: 5th Edition,2010
Pyrovore,Tyranids,Finecast,Warhammer 40K: 5th Edition,2010
Tyrannofex,Tyranids,Plastic,Warhammer 40K: 5th Edition,2012
Tervigon,Tyranids,Plastic,Warhammer 40K: 5th Edition,2012
Hive Tyrant,Tyranids,Plastic,Warhammer 40K: 5th Edition,2012
Swarmlord,Tyranids,Plastic,Warhammer 40K: 5th Edition,2012
Harpy,Tyranids,Plastic,Warhammer 40K: 6th Edition,2014
Hive Crone,Tyranids,Plastic,Warhammer 40K: 6th Edition,2014
Haruspex,Tyranids,Plastic,Warhammer 40K: 6th Edition,2014
Exocrine,Tyranids,Plastic,Warhammer 40K: 6th Edition,2014
Hive Guard,Tyranids,Plastic,Warhammer 40K: 6th Edition,2014
Tyrant Guard,Tyranids,Plastic,Warhammer 40K: 6th Edition,2014
Tyranid Warriors,Tyranids,Plastic,Warhammer 40K: 6th Edition,2014
Toxicrene,Tyranids,Plastic,Warhammer 40K: 7th Edition,2014
Maleceptor,Tyranids,Plastic,Warhammer 40K: 7th Edition,2014
Tyrannocyte,Tyranids,Plastic,Warhammer 40K: 7th Edition,2014
Sporocyst and Mucolid Spore,Tyranids,Plastic,Warhammer 40K: 7th Edition,2014
Venomthropes,Tyranids,Plastic,Warhammer 40K: 7th Edition,2014
Zoanthropes,Tyranids,Plastic,Warhammer 40K: 7th Edition,2014
Neurothrope,Tyranids,Plastic,Warhammer 40K: 7th Edition,2014
Broodlord,Tyranids,Plastic,Warhammer 40K: 7th Edition,2014
The Parasite of Mortrex,Tyranids,Plastic,Warhammer 40K: 9th Edition,2022
Tyranid Prime,Tyranids,Plastic,Warhammer 40K: 10th Edition,2023
Termagants,Tyranids,Plastic,Warhammer 40K: 10th Edition,2023
Psychophage,Tyranids,Plastic,Warhammer 40K: 10th Edition,2023
Neurogaunts,Tyranids,Plastic,Warhammer 40K: 10th Edition,2023
Von Ryan's Leapers,Tyranids,Plastic,Warhammer 40K: 10th Edition,2023
Barbgaunts,Tyranids,Plastic,Warhammer 40K: 10th Edition,2023
Screamer-Killer,Tyranids,Plastic,Warhammer 40K: 10th Edition,2023
Neurotyrant,Tyranids,Plastic,Warhammer 40K: 10th Edition,2023
Neurolictor,Tyranids,Plastic,Warhammer 40K: 10th Edition,2023
Deathleaper / Lictor,Tyranids,Plastic,Warhammer 40K: 10th Edition,2023
Norn Assimilator / Norn Emissary,Tyranids,Plastic,Warhammer 40K: 10th Edition,2023
Necron Warriors,Necrons,Plastic,Warhammer 40K: 3rd Edition,2002
Destroyer,Necrons,Plastic,Warhammer 40K: 3rd Edition,2002
C'tan Shard of The Nightbringer,Necrons,Finecast,Warhammer 40K: 3rd Edition,2002
C'tan Shard of The Deceiver,Necrons,Finecast,Warhammer 40K: 3rd Edition,2002
Monolith,Necrons,Plastic,Warhammer 40K: 3rd Edition,2002
Necron Lord with Resurrection Orb,Necrons,Finecast,Warhammer 40K: 4th Edition,2007
Ghost Ark,Necrons,Plastic,Warhammer 40K: 5th Edition,2011
Doomsday Ark,Necrons,Plastic,Warhammer 40K: 5th Edition,2011
Catacomb Command Barge,Necrons,Plastic,Warhammer 40K: 5th Edition,2011
Annihilation Barge,Necrons,Plastic,Warhammer 40K: 5th Edition,2011
Immortals,Necrons,Plastic,Warhammer 40K: 5th Edition,2011
Deathmarks,Necrons,Plastic,Warhammer 40K: 5th Edition,2011
Lychguard,Necrons,Plastic,Warhammer 40K: 5th Edition,2011
Triarch Praetorians,Necrons,Plastic,Warhammer 40K: 5th Edition,2011
Imotekh the Stormlord,Necrons,Finecast,Warhammer 40K: 5th Edition,2011
Trazyn The Infinite,Necrons,Finecast,Warhammer 40K: 5th Edition,2011
Necron Overlord with Warscythe,Necrons,Finecast,Warhammer 40K: 5th Edition,2011
Cryptek,Necrons,Finecast,Warhammer 40K: 5th Edition,2011
Flayed Ones,Necrons,Finecast,Warhammer 40K: 5th Edition,2011
Triarch Stalker,Necrons,Plastic,Warhammer 40K: 5th Edition,2012
Tomb Blades,Necrons,Plastic,Warhammer 40K: 5th Edition,2012
Canoptek Wraiths,Necrons,Plastic,Warhammer 40K: 5th Edition,2012
Canoptek Spyder,Necrons,Plastic,Warhammer 40K: 5th Edition,2012
Destroyer Lord Upgrade Pack,Necrons,Finecast,Warhammer 40K: 5th Edition,2012
Heavy Destroyer Upgrade Pack,Necrons,Finecast,Warhammer 40K: 5th Edition,2012
Nemesor Zahndrekh,Necrons,Finecast,Warhammer 40K: 5th Edition,2012
Vargard Obyron,Necrons,Finecast,Warhammer 40K: 5th Edition,2012
Doom Scythe,Necrons,Plastic,Warhammer 40K: 6th Edition,2012
Night Scythe,Necrons,Plastic,Warhammer 40K: 6th Edition,2012
Anrakyr The Traveller,Necrons,Finecast,Warhammer 40K: 6th Edition,2012
Orikan the Diviner,Necrons,Finecast,Warhammer 40K: 6th Edition,2012
Tesseract Vault,Necrons,Plastic,Warhammer 40K: 6th Edition,2013
Obelisk,Necrons,Plastic,Warhammer 40K: 6th Edition,2013
Necron Overlord,Necrons,Plastic,Warhammer 40K: 7th Edition,2015
Necron Cryptek,Necrons,Plastic,Warhammer 40K: 8th Edition,2018
Illuminor Szeras,Necrons,Plastic,Warhammer 40K: 8th Edition,2020
Overlord,Necrons,Plastic,Warhammer 40K: 9th Edition,2020
Royal Warden,Necrons,Plastic,Warhammer 40K: 9th Edition,2020
Plasmancer,Necrons,Plastic,Warhammer 40K: 9th Edition,2020
Cryptothralls,Necrons,Plastic,Warhammer 40K: 9th Edition,2020
Skorpeth Lord,Necrons,Plastic,Warhammer 40K: 9th Edition,2020
Canoptek Reanimator,Necrons,Plastic,Warhammer 40K: 9th Edition,2020
Skorpeth Destroyers,Necrons,Plastic,Warhammer 40K: 9th Edition,2020
Plasmacyte,Necrons,Plastic,Warhammer 40K: 9th Edition,2020
Canoptek Scarab Swarms,Necrons,Plastic,Warhammer 40K: 9th Edition,2020
Necron Warriors,Necrons,Plastic,Warhammer 40K: 9th Edition,2020
Lokhust Heavy Destroyers,Necrons,Plastic,Warhammer 40K: 9th Edition,2020
Canoptek Doomstalker,Necrons,Plastic,Warhammer 40K: 9th Edition,2020
"Szarekh, The Silent King",Necrons,Plastic,Warhammer 40K: 9th Edition,2020
Hexmark Destroyer ,Necrons,Plastic,Warhammer 40K: 9th Edition,2020
Convergence of Dominion,Necrons,Plastic,Warhammer 40K: 9th Edition,2020
C'tan Shard of the Void Dragon,Necrons,Plastic,Warhammer 40K: 9th Edition,2020
Monolith,Necrons,Plastic,Warhammer 40K: 9th Edition,2020
Ophydian Destroyers,Necrons,Plastic,Warhammer 40K: 9th Edition,2020
Psychomancer,Necrons,Plastic,Warhammer 40K: 9th Edition,2021
Chronomancer,Necrons,Plastic,Warhammer 40K: 9th Edition,2021
Flayed Ones,Necrons,Plastic,Warhammer 40K: 9th Edition,2021
Necrons: Orikan the Diviner,Necrons,Plastic,Warhammer 40K: 10th Edition,2023
Necrons: Overlord with Translocation Shroud,Necrons,Plastic,Warhammer 40K: 10th Edition,2023
Necrons: Imotekh the Stormlord,Necrons,Plastic,Warhammer 40K: 10th Edition,2023
Warboss with Big Choppa,Orks,Metal,Warhammer 40K: 3rd Edition,1999
Ork Boyz,Orks,Plastic,Warhammer 40K: 3rd Edition,1999
DeffKopta,Orks,Metal,Warhammer 40K: 3rd Edition,2000
Mad Dok Grotsnik,Orks,Finecast,Warhammer 40K: 3rd Edition,2000
Ork Kommandos,Orks,Finecast,Warhammer 40K: 4th Edition,2006
Big Mek With Kustom Force Field,Orks,Finecast,Warhammer 40K: 4th Edition,2006
Trukk,Orks,Plastic,Warhammer 40K: 4th Edition,2008
Warbiker Mob,Orks,Plastic,Warhammer 40K: 4th Edition,2008
Ork Boyz – Heavy weapons & Nobs,Orks,Plastic,Warhammer 40K: 4th Edition,2008
Lootas,Orks,Plastic,Warhammer 40K: 4th Edition,2008
Burna Boyz,Orks,Plastic,Warhammer 40K: 4th Edition,2008
Tankbustas,Orks,Finecast,Warhammer 40K: 4th Edition,2008
Ork Nob with Waaagh! Banner,Orks,Finecast,Warhammer 40K: 4th Edition,2008
Weirdboy,Orks,Finecast,Warhammer 40K: 4th Edition,2008
Stormboyz,Orks,Plastic,Warhammer 40K: 5th Edition,2009
Gretchin,Orks,Plastic,Warhammer 40K: 5th Edition,2009
Nobz,Orks,Plastic,Warhammer 40K: 5th Edition,2009
Battlewagon,Orks,Plastic,Warhammer 40K: 5th Edition,2009
Boss Zagstruk,Orks,Finecast,Warhammer 40K: 5th Edition,2009
Kaptin Badrukk,Orks,Finecast,Warhammer 40K: 5th Edition,2009
Boss Snikrot,Orks,Finecast,Warhammer 40K: 5th Edition,2009
Stompa,Orks,Plastic,Warhammer 40K: 5th Edition,2009
Deff Dread,Orks,Plastic,Warhammer 40K: 5th Edition,2010
Killa Kans,Orks,Plastic,Warhammer 40K: 5th Edition,2010
Dakkajet,Orks,Plastic,Warhammer 40K: 6th Edition,2012
Burna-bommer,Orks,Plastic,Warhammer 40K: 6th Edition,2012
Blitza-bommer,Orks,Plastic,Warhammer 40K: 6th Edition,2012
Gorkanaut,Orks,Plastic,Warhammer 40K: 7th Edition,2014
Morkanaut,Orks,Plastic,Warhammer 40K: 7th Edition,2014
Warboss Grukk's Boss-Mob,Orks,Plastic,Warhammer 40K: 7th Edition,2014
Deff Rolla,Orks,Plastic,Warhammer 40K: 7th Edition,2014
Flash Gitz,Orks,Plastic,Warhammer 40K: 7th Edition,2014
Big Mek with Shock Attack Gun,Orks,Plastic,Warhammer 40K: 7th Edition,2014
Painboy,Orks,Plastic,Warhammer 40K: 7th Edition,2014
Mek,Orks,Plastic,Warhammer 40K: 7th Edition,2014
Mek Gunz,Orks,Plastic,Warhammer 40K: 7th Edition,2014
Meganobz,Orks,Plastic,Warhammer 40K: 7th Edition,2014
Big Mek in Mega Armour,Orks,Plastic,Warhammer 40K: 7th Edition,2014
Trukk Boyz,Orks,Plastic,Warhammer 40K: 7th Edition,2014
Wazbom Blastajet,Orks,Plastic,Warhammer 40K: 7th Edition,2016
Shokkjump Dragsta,Orks,Plastic,Warhammer 40K: 8th Edition,2018
Kustom Boosta-Blasta,Orks,Plastic,Warhammer 40K: 8th Edition,2018
Deffkilla Wartrike,Orks,Plastic,Warhammer 40K: 8th Edition,2018
Megatrakk Scrapjet,Orks,Plastic,Warhammer 40K: 8th Edition,2018
Rukkatrukk Squigbuggy,Orks,Plastic,Warhammer 40K: 8th Edition,2018
Boomdakka Snazzwagon,Orks,Plastic,Warhammer 40K: 8th Edition,2018
Ghazghkull Thraka,Orks,Plastic,Warhammer 40K: 8th Edition,2020
Makari,Orks,Plastic,Warhammer 40K: 8th Edition,2020
Zodgrod Wortsnagga ,Orks,Plastic,Warhammer 40K: 9th Edition,2021
Nob on Smasha Squig,Orks,Plastic,Warhammer 40K: 9th Edition,2021
Squighog Boyz ,Orks,Plastic,Warhammer 40K: 9th Edition,2021
Bomb Squig ,Orks,Plastic,Warhammer 40K: 9th Edition,2021
Beast Snagga Boyz ,Orks,Plastic,Warhammer 40K: 9th Edition,2021
Beastboss,Orks,Plastic,Warhammer 40K: 9th Edition,2021
Boyz,Orks,Plastic,Warhammer 40K: 9th Edition,2021
Warboss in Mega Armour,Orks,Plastic,Warhammer 40K: 9th Edition,2021
Deffkoptas,Orks,Plastic,Warhammer 40K: 9th Edition,2021
Kill Rig,Orks,Plastic,Warhammer 40K: 9th Edition,2021
Hunta Rig,Orks,Plastic,Warhammer 40K: 9th Edition,2021
Painboss,Orks,Plastic,Warhammer 40K: 9th Edition,2021
Mozrog Skragbad,Orks,Plastic,Warhammer 40K: 9th Edition,2021
Beastboss on Squigosaur,Orks,Plastic,Warhammer 40K: 9th Edition,2021
Ork Warboss with Attack Squig,Orks,Plastic,Warhammer 40K: 9th Edition,2022
Kill Team: Kommandos,Orks,Plastic,Warhammer 40K: 9th Edition,2022
Big Mek,Orks,Plastic,Warhammer 40K: 10th Edition,2024
Ethereal,Tau_Empire,Finecast,Warhammer 40K: 3rd Edition,2001
Kroot Shaper,Tau_Empire,Metal,Warhammer 40K: 3rd Edition,2001
Kroot Carnivore Squad,Tau_Empire,Plastic,Warhammer 40K: 3rd Edition,2001
Kroot Hounds,Tau_Empire,Finecast,Warhammer 40K: 3rd Edition,2001
TY7 Devilfish,Tau_Empire,Plastic,Warhammer 40K: 3rd Edition,2001
Aun Shi Tau Ethereal,Tau_Empire,Metal,Warhammer 40K: 3rd Edition,2001
Krootox,Tau_Empire,Finecast,Warhammer 40K: 3rd Edition,2001
Hammerhead Gunship,Tau_Empire,Plastic,Warhammer 40K: 3rd Edition,2001
MV71 Sniper Drones & Firesight Marksman,Tau_Empire,Finecast,Warhammer 40K: 4th Edition,2006
Ethereal with Honour Blade,Tau_Empire,Finecast,Warhammer 40K: 4th Edition,2006
TX4 Piranha,Tau_Empire,Plastic,Warhammer 40K: 4th Edition,2006
Vespid Stingwings,Tau_Empire,Finecast,Warhammer 40K: 4th Edition,2006
"Aun'Va, Master of the Undying Spirit",Tau_Empire,Finecast,Warhammer 40K: 4th Edition,2006
TX78 Sky Ray Gunship,Tau_Empire,Plastic,Warhammer 40K: 4th Edition,2006
XV25 Stealth Suits,Tau_Empire,Plastic,Warhammer 40K: 4th Edition,2006
XV104 Riptide Battlesuit,Tau_Empire,Plastic,Warhammer 40K: 6th Edition,2013
Sun Shark Bomber,Tau_Empire,Plastic,Warhammer 40K: 6th Edition,2013
Razorshark Fighter,Tau_Empire,Plastic,Warhammer 40K: 6th Edition,2013
Hammerhead,Tau_Empire,Plastic,Warhammer 40K: 6th Edition,2013
Sky Ray Gunship,Tau_Empire,Plastic,Warhammer 40K: 6th Edition,2013
Pathfinder Team,Tau_Empire,Plastic,Warhammer 40K: 6th Edition,2013
XV88 Broadside Battlesuit,Tau_Empire,Plastic,Warhammer 40K: 6th Edition,2013
Cadre Fireblade,Tau_Empire,Plastic,Warhammer 40K: 6th Edition,2013
Darkstrider,Tau_Empire,Finecast,Warhammer 40K: 6th Edition,2013
Longstrike (Upgrade),Tau_Empire,Finecast,Warhammer 40K: 6th Edition,2013
Commander Farsight,Tau_Empire,Finecast,Warhammer 40K: 6th Edition,2013
XV95 Ghostkeel Battlesuit,Tau_Empire,Plastic,Warhammer 40K: 7th Edition,2015
Fire Warriors Strike Team,Tau_Empire,Plastic,Warhammer 40K: 7th Edition,2015
Fire Warriors Breacher Team,Tau_Empire,Plastic,Warhammer 40K: 7th Edition,2015
XV8 Crisis Battlesuits,Tau_Empire,Plastic,Warhammer 40K: 7th Edition,2015
T'au Empire Commander XV85,Tau_Empire,Plastic,Warhammer 40K: 7th Edition,2015
T'au Empire Commander XV86 Coldstar,Tau_Empire,Plastic,Warhammer 40K: 7th Edition,2015
Tactical Drones,Tau_Empire,Plastic,Warhammer 40K: 7th Edition,2015
KV128 Stormsurge,Tau_Empire,Plastic,Warhammer 40K: 7th Edition,2015
XV95 Ghostkeel,Tau_Empire,Plastic,Warhammer 40K: 7th Edition,2015
Ethereal,Tau_Empire,Plastic,Warhammer 40K: 7th Edition,2015
Commander Shadowsun,Tau_Empire,Plastic,Warhammer 40K: 8th Edition,2020
Darkstrider,Tau_Empire,Plastic,Warhammer 40K: 9th Edition,2022
Kill Team: T’au Pathfinders,Tau_Empire,Plastic,Warhammer 40K: 9th Edition,2022
Codex: T'au,Tau_Empire,Plastic,Warhammer 40K: 10th Edition,2024
Kroot Hunting Pack,Tau_Empire,Plastic,Warhammer 40K: 10th Edition,2023
Kroot Carnivores,Tau_Empire,Plastic,Warhammer 40K: 10th Edition,2023
Krootox Rider,Tau_Empire,Plastic,Warhammer 40K: 10th Edition,2023
Veteran Kroot War Shaper,Tau_Empire,Plastic,Warhammer 40K: 10th Edition,2023
Flesh Shaper,Tau_Empire,Plastic,Warhammer 40K: 10th Edition,2023
Kroot Rampagers,Tau_Empire,Plastic,Warhammer 40K: 10th Edition,2023
Kill Team : Farstalker Kinband,Tau_Empire,Plastic,Warhammer 40K: 10th Edition,
Servitor(s) with Servo-Arm,Space_Marines,Finecast,Warhammer 40K: Rogue Trader,1993
Bike Squad,Space_Marines,Plastic,Warhammer 40K: 2nd Edition,1996
Attack Bike,Space_Marines,Plastic,Warhammer 40K: 2nd Edition,1997
Land Speeder,Space_Marines,Plastic,Warhammer 40K: 3rd Edition,1998
Land Raider,Space_Marines,Plastic,Warhammer 40K: 3rd Edition,2000
Dreadnought,Space_Marines,Plastic,Warhammer 40K: 3rd Edition,2001
Rhino,Space_Marines,Plastic,Warhammer 40K: 3rd Edition,2002
Predator,Space_Marines,Plastic,Warhammer 40K: 3rd Edition,2002
Bike Squad,Space_Marines,Plastic,Warhammer 40K: 3rd Edition,2002
Razorback,Space_Marines,Plastic,Warhammer 40K: 3rd Edition,2003
Servitor – Multi-Melta,Space_Marines,Finecast,Warhammer 40K: 3rd Edition,2003
Servitor – Plasma Cannon,Space_Marines,Plastic,Warhammer 40K: 3rd Edition,2003
Attack Bike,Space_Marines,Plastic,Warhammer 40K: 4th Edition,2004
Space Marine Commander,Space_Marines,Plastic,Warhammer 40K: 4th Edition,2004
Command Squad,Space_Marines,Plastic,Warhammer 40K: 4th Edition,2004
Whirlwind,Space_Marines,Plastic,Warhammer 40K: 4th Edition,2004
Techmarine with Servitors,Space_Marines,Finecast,Warhammer 40K: 4th Edition,2005
Techmarine,Space_Marines,Finecast,Warhammer 40K: 4th Edition,2005
Terminator Squad,Space_Marines,Plastic,Warhammer 40K: 4th Edition,2005
Terminator Close Combat Squad,Space_Marines,Plastic,Warhammer 40K: 4th Edition,2005
Chaplain with Crozius & Power Fist,Space_Marines,Finecast,Warhammer 40K: 4th Edition,2005
Chaplain with Skull Helmet,Space_Marines,Finecast,Warhammer 40K: 4th Edition,2005
Scouts,Space_Marines,Plastic,Warhammer 40K: 4th Edition,2005
Terminator Chaplain,Space_Marines,Finecast,Warhammer 40K: 4th Edition,2005
Chaplain with Jump Pack,Space_Marines,Finecast,Warhammer 40K: 4th Edition,2006
Scouts with Sniper Rifles,Space_Marines,Plastic,Warhammer 40K: 4th Edition,2006
Librarian with Force Axe & Plasma Pistol,Space_Marines,Finecast,Warhammer 40K: 4th Edition,2007
Masters of the Chapter,Space_Marines,Finecast,Warhammer 40K: 4th Edition,2007
Vindicator,Space_Marines,Plastic,Warhammer 40K: 4th Edition,2007
Armour Through the Ages,Space_Marines,Finecast,Warhammer 40K: 5th Edition,2008
Drop Pod,Space_Marines,Plastic,Warhammer 40K: 5th Edition,2008
Land Raider Crusader,Space_Marines,Plastic,Warhammer 40K: 5th Edition,2008
Land Raider Redeemer,Space_Marines,Plastic,Warhammer 40K: 5th Edition,2008
Thunderfire Cannon,Space_Marines,Finecast,Warhammer 40K: 5th Edition,2008
Landspeeder,Space_Marines,Plastic,Warhammer 40K: 5th Edition,2008
Scout Bike,Space_Marines,Plastic,Warhammer 40K: 5th Edition,2008
Land Speeder Storm,Space_Marines,Plastic,Warhammer 40K: 5th Edition,2009
Ironclad Dreadnought,Space_Marines,Plastic,Warhammer 40K: 5th Edition,2009
Venerable Dreadnought,Space_Marines,Plastic,Warhammer 40K: 5th Edition,2010
Stormraven Gunship,Space_Marines,Plastic,Warhammer 40K: 5th Edition,2011
Stormtalon Gunship,Space_Marines,Plastic,Warhammer 40K: 6th Edition,2012
Captain: Lord Executioner,Space_Marines,Finecast,Warhammer 40K: 6th Edition,2013
Tactical Squad,Space_Marines,Plastic,Warhammer 40K: 6th Edition,2013
Centurion Assault Squad,Space_Marines,Plastic,Warhammer 40K: 6th Edition,2013
Centurion Devastator Squad,Space_Marines,Plastic,Warhammer 40K: 6th Edition,2013
Sternguard Veteran Squad,Space_Marines,Plastic,Warhammer 40K: 6th Edition,2013
Vanguard Veteran Squad,Space_Marines,Plastic,Warhammer 40K: 6th Edition,2013
Stalker,Space_Marines,Plastic,Warhammer 40K: 6th Edition,2013
Hunter,Space_Marines,Plastic,Warhammer 40K: 6th Edition,2013
Space Marine Captain,Space_Marines,Plastic,Warhammer 40K: 6th Edition,2013
Librarian,Space_Marines,Plastic,Warhammer 40K: 6th Edition,2013
Space Marines Chaplain,Space_Marines,Plastic,Warhammer 40K: 6th Edition,2013
Assault Squad,Space_Marines,Plastic,Warhammer 40K: 7th Edition,2015
Devastator Squad,Space_Marines,Plastic,Warhammer 40K: 7th Edition,2015
Librarian in Terminator Armour,Space_Marines,Plastic,Warhammer 40K: 7th Edition,2015
Mark IV Space Marines,Space_Marines,Plastic,Warhammer 40K: 7th Edition,2015
Cataphractii Terminators,Space_Marines,Plastic,Warhammer 40K: 7th Edition,2015
Contemptor Dreadnought,Space_Marines,Plastic,Warhammer 40K: 7th Edition,2015
Space Marine Heroes (2),Space_Marines,Plastic,Warhammer 40K: 7th Edition,2015
Command Squad,Space_Marines,Plastic,Warhammer 40K: 7th Edition,2016
Company Command,Space_Marines,Plastic,Warhammer 40K: 7th Edition,2016
Space Marine Heroes (3),Space_Marines,Plastic,Warhammer 40K: 7th Edition,2016
Stormhawk Interceptor,Space_Marines,Plastic,Warhammer 40K: 7th Edition,2016
Mark III Space Marines,Space_Marines,Plastic,Warhammer 40K: 7th Edition,2017
Tartaros Terminators,Space_Marines,Plastic,Warhammer 40K: 7th Edition,2017
Primaris Captain in Gravis Armour,Space_Marines,Plastic,Warhammer 40K: 8th Edition,2017
Primaris Lieutenant 1,Space_Marines,Plastic,Warhammer 40K: 8th Edition,2017
Primaris Lieutenant 2,Space_Marines,Plastic,Warhammer 40K: 8th Edition,2017
Primaris Ancient,Space_Marines,Plastic,Warhammer 40K: 8th Edition,2017
Intercessor Squads,Space_Marines,Plastic,Warhammer 40K: 8th Edition,2017
Hellblaster Squad,Space_Marines,Plastic,Warhammer 40K: 8th Edition,2017
Inceptor Squad,Space_Marines,Plastic,Warhammer 40K: 8th Edition,2017
Primaris Captain,Space_Marines,Plastic,Warhammer 40K: 8th Edition,2017
Primaris Librarian,Space_Marines,Plastic,Warhammer 40K: 8th Edition,2017
Easy To Build: Primaris Intercessors,Space_Marines,Plastic,Warhammer 40K: 8th Edition,2017
Easy To Build: Primaris Reivers,Space_Marines,Plastic,Warhammer 40K: 8th Edition,2017
Redemptor Dreadnought,Space_Marines,Plastic,Warhammer 40K: 8th Edition,2017
Primaris Aggressors,Space_Marines,Plastic,Warhammer 40K: 8th Edition,2017
Primaris Intercessors,Space_Marines,Plastic,Warhammer 40K: 8th Edition,2017
Primaris Hellblasters,Space_Marines,Plastic,Warhammer 40K: 8th Edition,2017
Primaris Inceptors,Space_Marines,Plastic,Warhammer 40K: 8th Edition,2017
Primaris Reivers,Space_Marines,Plastic,Warhammer 40K: 8th Edition,2017
Primaris Chaplain,Space_Marines,Plastic,Warhammer 40K: 8th Edition,2017
Primaris Apothecary,Space_Marines,Plastic,Warhammer 40K: 8th Edition,2017
Primaris Repulsor,Space_Marines,Plastic,Warhammer 40K: 8th Edition,2017
Easy To Build: Primaris Aggressors,Space_Marines,Plastic,Warhammer 40K: 8th Edition,2017
Easy To Build: Redemptor Dreadnought,Space_Marines,Plastic,Warhammer 40K: 8th Edition,2017
Primaris Lieutenant with Power Sword,Space_Marines,Plastic,Warhammer 40K: 8th Edition,2018
Primaris Repulsor Executioner,Space_Marines,Plastic,Warhammer 40K: 8th Edition,2019
Primaris Invictor Tactical Warsuit,Space_Marines,Plastic,Warhammer 40K: 8th Edition,2019
Primaris Captain in Phobos armour,Space_Marines,Plastic,Warhammer 40K: 8th Edition,2019
Primaris Librarian in Phobos Armour,Space_Marines,Plastic,Warhammer 40K: 8th Edition,2019
Primaris Impulsor,Space_Marines,Plastic,Warhammer 40K: 8th Edition,2019
Primaris Incursors,Space_Marines,Plastic,Warhammer 40K: 8th Edition,2019
Primaris Infiltrators,Space_Marines,Plastic,Warhammer 40K: 8th Edition,2019
Primaris Captain - Sword & Shield,Space_Marines,Plastic,Warhammer 40K: 9th Edition,2020
Primaris Lieutenant - Gun & Shield,Space_Marines,Plastic,Warhammer 40K: 9th Edition,2020
Primaris Chaplain,Space_Marines,Plastic,Warhammer 40K: 9th Edition,2020
Judiciar,Space_Marines,Plastic,Warhammer 40K: 9th Edition,2020
Bladeguard Ancient,Space_Marines,Plastic,Warhammer 40K: 9th Edition,2020
Bladeguard Veterans,Space_Marines,Plastic,Warhammer 40K: 9th Edition,2020
Eradicators,Space_Marines,Plastic,Warhammer 40K: 9th Edition,2020
Assault Intercessor Squad,Space_Marines,Plastic,Warhammer 40K: 9th Edition,2020
Outriders,Space_Marines,Plastic,Warhammer 40K: 9th Edition,2020
Invader ATV,Space_Marines,Plastic,Warhammer 40K: 9th Edition,2020
Firestrike Servo-turret,Space_Marines,Plastic,Warhammer 40K: 9th Edition,2020
Primaris Chaplain on Bike,Space_Marines,Plastic,Warhammer 40K: 9th Edition,2020
Hammerfall Bunker,Space_Marines,Plastic,Warhammer 40K: 9th Edition,2020
Primaris Techmarine,Space_Marines,Plastic,Warhammer 40K: 9th Edition,2020
Assault Intercessor Squad,Space_Marines,Plastic,Warhammer 40K: 9th Edition,2020
Gladiator Valiant,Space_Marines,Plastic,Warhammer 40K: 9th Edition,2020
Gladiator Reaper,Space_Marines,Plastic,Warhammer 40K: 9th Edition,2020
Gladiator Lancer,Space_Marines,Plastic,Warhammer 40K: 9th Edition,2020
Storm Speeder Hailstrike,Space_Marines,Plastic,Warhammer 40K: 9th Edition,2021
Storm Speeder Hammerstrike,Space_Marines,Plastic,Warhammer 40K: 9th Edition,2021
Storm Speeder Thunderstrike,Space_Marines,Plastic,Warhammer 40K: 9th Edition,2021
Bladeguard Veterans,Space_Marines,Plastic,Warhammer 40K: 9th Edition,2021
Primaris Eradicators,Space_Marines,Plastic,Warhammer 40K: 9th Edition,2021
Captain Uriel Ventris,Space_Marines,Plastic,Warhammer 40K: 9th Edition,2021
Primaris Captain with Master-Crafted Heavy Bolt Rifle,Space_Marines,Plastic,Warhammer 40K: 9th Edition,2021
Heavy Intercessor Squad,Space_Marines,Plastic,Warhammer 40K: 9th Edition,2021
Captain in Terminator Armour,Space_Marines,Plastic,Warhammer 40K: 10th Edition,2023
Librarian in Terminator Armour,Space_Marines,Plastic,Warhammer 40K: 10th Edition,2023
Apothecary Biologis,Space_Marines,Plastic,Warhammer 40K: 10th Edition,2023
Lieutenant in Phobos Armour,Space_Marines,Plastic,Warhammer 40K: 10th Edition,2023
Sternguard Veteran Squad,Space_Marines,Plastic,Warhammer 40K: 10th Edition,2023
Terminator Squad,Space_Marines,Plastic,Warhammer 40K: 10th Edition,2023
Infernus Squad,Space_Marines,Plastic,Warhammer 40K: 10th Edition,2023
Ballistus Dreadnought,Space_Marines,Plastic,Warhammer 40K: 10th Edition,2023
Desolation Squad,Space_Marines,Plastic,Warhammer 40K: 10th Edition,2023
Captain with Jump Pack,Space_Marines,Plastic,Warhammer 40K: 10th Edition,2023
Jump Pack Intercessors,Space_Marines,Plastic,Warhammer 40K: 10th Edition,2023
Company Heroes,Space_Marines,Plastic,Warhammer 40K: 10th Edition,2023
Terminator Squad,Space_Marines,Plastic,Warhammer 40K: 10th Edition,2023
Chaplain in Terminator Armour ,Space_Marines,Plastic,Warhammer 40K: 10th Edition,2023
White Scars - Khan on Bike,Supplement_Marines,Finecast,Warhammer 40K: 3rd Edition,2002
White Scars - Bike Squad Upgrade Pack,Supplement_Marines,Finecast,Warhammer 40K: 3rd Edition,2002
Black Templar - Emperor’s Champion,Supplement_Marines,Finecast,Warhammer 40K: 3rd Edition,2003
Ultramarines - Cassius,Supplement_Marines,Finecast,Warhammer 40K: 4th Edition,2004
Imperial Fists - Captain Lysander,Supplement_Marines,Finecast,Warhammer 40K: 4th Edition,2005
Ultramarines - Tyrannic War Veterans,Supplement_Marines,Finecast,Warhammer 40K: 4th Edition,2005
Black Templar - High Marshal Helbrecht,Supplement_Marines,Finecast,Warhammer 40K: 4th Edition,2005
Black Templar - Chaplain Grimaldus & Retinue,Supplement_Marines,Finecast,Warhammer 40K: 4th Edition,2005
Black Templar - Sword Brethren Squad,Supplement_Marines,Finecast,Warhammer 40K: 4th Edition,2005
Crimson Fists - Pedro Kantor,Supplement_Marines,Finecast,Warhammer 40K: 5th Edition,2008
Ultramarines - Chronus,Supplement_Marines,Finecast,Warhammer 40K: 5th Edition,2008
Ultramarines - Telion,Supplement_Marines,Finecast,Warhammer 40K: 5th Edition,2008
Ultramarines - Captain Sicarius,Supplement_Marines,Finecast,Warhammer 40K: 5th Edition,2008
Salamanders - Forgefather Vulkan He'stan,Supplement_Marines,Finecast,Warhammer 40K: 5th Edition,2009
Ultramarines - Ultramarines Upgrade Pack,Supplement_Marines,Plastic,Warhammer 40K: 7th Edition,2015
Ultramarines - Roboute Guilleman,Supplement_Marines,Plastic,Warhammer 40K: 7th Edition,2017
Ultramarines - Ultramarines Primaris Upgrades,Supplement_Marines,Plastic,Warhammer 40K: 8th Edition,2017
Ultramarines - Marneus Calgar,Supplement_Marines,Plastic,Warhammer 40K: 8th Edition,2018
Ultramarines - Tigurius,Supplement_Marines,Plastic,Warhammer 40K: 8th Edition,2019
White Scars - Primaris Kor'sarro Khan,Supplement_Marines,Plastic,Warhammer 40K: 8th Edition,2019
White Scars - White Scars Primaris Upgrades,Supplement_Marines,Plastic,Warhammer 40K: 8th Edition,2019
Raven Guard - Kayvaan Shrike,Supplement_Marines,Plastic,Warhammer 40K: 8th Edition,2019
Raven Guard - Raven Guard Primaris Upgrades,Supplement_Marines,Plastic,Warhammer 40K: 8th Edition,2019
Iron Hands - Feirros,Supplement_Marines,Plastic,Warhammer 40K: 8th Edition,2019
Iron Hands - Iron Hands Primaris Upgrades,Supplement_Marines,Plastic,Warhammer 40K: 8th Edition,2019
Imperial Fists - Tor Garadon,Supplement_Marines,Plastic,Warhammer 40K: 8th Edition,2019
Imperial Fists - Imperial Fists Primaris Upgrades,Supplement_Marines,Plastic,Warhammer 40K: 8th Edition,2019
Salamanders - Adrax Agatone,Supplement_Marines,Plastic,Warhammer 40K: 8th Edition,2019
Salamanders - Salamanders Primaris Upgrades,Supplement_Marines,Plastic,Warhammer 40K: 8th Edition,2019
Captain Uriel Ventris,Supplement_Marines,Plastic,Warhammer 40K: 9th Edition,2021
Black Templars Marshal,Supplement_Marines,Plastic,Warhammer 40K: 9th Edition,2021
Primaris Crusader Squad,Supplement_Marines,Plastic,Warhammer 40K: 9th Edition,2021
Emperor's Champion,Supplement_Marines,Plastic,Warhammer 40K: 9th Edition,2021
High Marshal Helbrecht,Supplement_Marines,Plastic,Warhammer 40K: 9th Edition,2021
Chaplain Grimaldus & Retinue,Supplement_Marines,Plastic,Warhammer 40K: 9th Edition,2021
Black Templars Castellan,Supplement_Marines,Plastic,Warhammer 40K: 9th Edition,2021
Black Templars Sword Brethren,Supplement_Marines,Plastic,Warhammer 40K: 9th Edition,2021
Black Templars: Upgrades and Transfers,Supplement_Marines,Plastic,Warhammer 40K: 9th Edition,2021
Codex Supplement: Dark Angels,Supplement_Marines,Plastic,Warhammer 40K: 10th Edition,2024
Brother Corbulo,Blood_Angels,Finecast,Warhammer 40K: 2nd Edition,1996
Commander Dante,Blood_Angels,Finecast,Warhammer 40K: 2nd Edition,1996
Captain Tycho,Blood_Angels,Finecast,Warhammer 40K: 2nd Edition,1996
Baal Predator,Blood_Angels,Plastic,Warhammer 40K: 5th Edition,2010
Death Company,Blood_Angels,Plastic,Warhammer 40K: 5th Edition,2010
Sanguinary Guard,Blood_Angels,Plastic,Warhammer 40K: 5th Edition,2010
The Sanguinor,Blood_Angels,Finecast,Warhammer 40K: 5th Edition,2010
Astorath the Grim,Blood_Angels,Finecast,Warhammer 40K: 5th Edition,2010
Gabriel Seth,Blood_Angels,Finecast,Warhammer 40K: 5th Edition,2010
Lemartes,Blood_Angels,Finecast,Warhammer 40K: 5th Edition,2010
Furioso Dreadnought,Blood_Angels,Plastic,Warhammer 40K: 5th Edition,2011
Death Company Dreadnought,Blood_Angels,Plastic,Warhammer 40K: 5th Edition,2011
Librarian Dreadnought,Blood_Angels,Plastic,Warhammer 40K: 5th Edition,2011
Blood Angels Tactical Squad,Blood_Angels,Plastic,Warhammer 40K: 7th Edition,2014
Sanguinary Priest,Blood_Angels,Plastic,Warhammer 40K: 7th Edition,2014
Blood Angels Terminator Assault Squad,Blood_Angels,Plastic,Warhammer 40K: 7th Edition,2014
Blood Angels Librarian in Terminator Armour,Blood_Angels,Plastic,Warhammer 40K: 7th Edition,2014
Blood Angels Upgrade Pack,Blood_Angels,Plastic,Warhammer 40K: 7th Edition,2015
Blood Angels Chaplain with Jump Pack,Blood_Angels,Plastic,Warhammer 40K: 7th Edition,2015
Blood Angels Captain in Terminator Armour,Blood_Angels,Plastic,Warhammer 40K: 7th Edition,2015
Lieutenant Tolmeron,Blood_Angels,Plastic,Warhammer 40K: 8th Edition,2017
Blood Angels Primaris Upgrades,Blood_Angels,Plastic,Warhammer 40K: 8th Edition,2017
Mephiston,Blood_Angels,Plastic,Warhammer 40K: 8th Edition,2019
Azrael,Dark_Angels,Finecast,Warhammer 40K: 2nd Edition,1996
Ezekiel,Dark_Angels,Metal,Warhammer 40K: 2nd Edition,1996
Chapter Ancient,Dark_Angels,Finecast,Warhammer 40K: 2nd Edition,1996
"Azrael, banner sculpt update",Dark_Angels,Finecast,Warhammer 40K: 4th Edition,2007
"Ezekiel, banner sculpt update",Dark_Angels,Metal,Warhammer 40K: 4th Edition,2007
Sammael,Dark_Angels,Finecast,Warhammer 40K: 4th Edition,2007
Dark Angels Company Master,Dark_Angels,Finecast,Warhammer 40K: 4th Edition,2007
Dark Angels Company Veterans Squad,Dark_Angels,Plastic,Warhammer 40K: 4th Edition,2007
Ravenwing Bike Squadron,Dark_Angels,Plastic,Warhammer 40K: 4th Edition,2007
"Chapter Ancient, banner & arm",Dark_Angels,Finecast,Warhammer 40K: 6th Edition,2013
Ravenwing Dark Talon,Dark_Angels,Plastic,Warhammer 40K: 6th Edition,2013
Nephilim Jetfighter,Dark_Angels,Plastic,Warhammer 40K: 6th Edition,2013
Deathwing Command Squad,Dark_Angels,Plastic,Warhammer 40K: 6th Edition,2013
Deathwing Knights,Dark_Angels,Plastic,Warhammer 40K: 6th Edition,2013
Deathwing Terminator Squad,Dark_Angels,Plastic,Warhammer 40K: 6th Edition,2013
Land Speeder Vengeance,Dark_Angels,Plastic,Warhammer 40K: 6th Edition,2013
Ravenwing Darkshroud,Dark_Angels,Plastic,Warhammer 40K: 6th Edition,2013
Ravenwing Command Squad,Dark_Angels,Plastic,Warhammer 40K: 6th Edition,2013
Ravenwing Black Knights,Dark_Angels,Plastic,Warhammer 40K: 6th Edition,2013
Belial,Dark_Angels,Finecast,Warhammer 40K: 6th Edition,2013
Asmodai,Dark_Angels,Finecast,Warhammer 40K: 6th Edition,2013
Dark Angels Upgrade Pack,Dark_Angels,Plastic,Warhammer 40K: 7th Edition,2015
Dark Angels Interrogator-Chaplain,Dark_Angels,Plastic,Warhammer 40K: 7th Edition,2015
Primaris Lieutenant Zakariah,Dark_Angels,Plastic,Warhammer 40K: 8th Edition,2017
Dark Angels Primaris Upgrades,Dark_Angels,Plastic,Warhammer 40K: 8th Edition,2017
Master Lazarus,Dark_Angels,Plastic,Warhammer 40K: 8th Edition,2020
Lion El'Jonson,Dark_Angels,Plastic,Warhammer 40K: 9th Edition,2023
"Azrael, Supreme Grand Master",Dark_Angels,Plastic,Warhammer 40K: 10th Edition,2024
Deathwing Knights,Dark_Angels,Plastic,Warhammer 40K: 10th Edition,2024
Inner Circle Companions,Dark_Angels,Plastic,Warhammer 40K: 10th Edition,2024
"Belial, Grand Master of the Deathwing",Dark_Angels,Plastic,Warhammer 40K: 10th Edition,2024
"Asmodai, Master of Repentance
",Dark_Angels,Plastic,Warhammer 40K: 10th Edition,2024
Deathwing Terminators,Dark_Angels,Plastic,Warhammer 40K: 10th Edition,2024
Codex Supplement: Dark Angels,Dark_Angels,Plastic,Warhammer 40K: 10th Edition,2024
Njal Stormcaller,Space_Wolves,Finecast,Warhammer 40K: Rogue Trader,1993
Rune Priest in Terminator Armour,Space_Wolves,Finecast,Warhammer 40K: Rogue Trader,1993
Rune Priest,Space_Wolves,Finecast,Warhammer 40K: 3rd Edition,2003
Blood Claws,Space_Wolves,Plastic,Warhammer 40K: 5th Edition,2009
Grey Hunters,Space_Wolves,Plastic,Warhammer 40K: 5th Edition,2009
Wolf Guard,Space_Wolves,Plastic,Warhammer 40K: 5th Edition,2009
Wolf Guard Terminators,Space_Wolves,Plastic,Warhammer 40K: 5th Edition,2009
Canis Wolfborn,Space_Wolves,Finecast,Warhammer 40K: 5th Edition,2009
Njal Stormcaller in Terminator Armour,Space_Wolves,Finecast,Warhammer 40K: 5th Edition,2009
Lukas the Trickster,Space_Wolves,Finecast,Warhammer 40K: 5th Edition,2009
Arjac Rockfist,Space_Wolves,Finecast,Warhammer 40K: 5th Edition,2012
Wolf Lord on Thunderwolf,Space_Wolves,Finecast,Warhammer 40K: 5th Edition,2012
Cyberwolf,Space_Wolves,Finecast,Warhammer 40K: 5th Edition,2012
Grey Hunter with Wolf Standard,Space_Wolves,Finecast,Warhammer 40K: 5th Edition,2012
Thunderwolf Cavalry,Space_Wolves,Plastic,Warhammer 40K: 5th Edition,2012
Fenrisian Wolves,Space_Wolves,Plastic,Warhammer 40K: 5th Edition,2012
Wolf Lord Krom,Space_Wolves,Plastic,Warhammer 40K: 7th Edition,2014
Stormfang Gunship,Space_Wolves,Plastic,Warhammer 40K: 7th Edition,2014
Stormwolf,Space_Wolves,Plastic,Warhammer 40K: 7th Edition,2014
Space Wolves Venerable Dreadnought,Space_Wolves,Plastic,Warhammer 40K: 7th Edition,2014
Bjorn the Fell-Handed,Space_Wolves,Plastic,Warhammer 40K: 7th Edition,2014
Murderfang,Space_Wolves,Plastic,Warhammer 40K: 7th Edition,2014
Logan Grimnar on Stormrider,Space_Wolves,Plastic,Warhammer 40K: 7th Edition,2014
Space Wolves Upgrade Pack,Space_Wolves,Plastic,Warhammer 40K: 7th Edition,2015
Wulfen,Space_Wolves,Plastic,Warhammer 40K: 7th Edition,2016
Ulrik the Slayer,Space_Wolves,Plastic,Warhammer 40K: 7th Edition,2016
Iron Priest,Space_Wolves,Plastic,Warhammer 40K: 7th Edition,2016
Battle Leader,Space_Wolves,Plastic,Warhammer 40K: 8th Edition,2018
Space Wolves Primaris Upgrades,Space_Wolves,Plastic,Warhammer 40K: 8th Edition,2018
Ragnar Blackmane,Space_Wolves,Plastic,Warhammer 40K: 8th Edition,2020
Hounds of Morkai,Space_Wolves,Plastic,Warhammer 40K: 9th Edition,2020
Watch Master,Deathwatch,Plastic,Warhammer 40K: 7th Edition,2016
Terminator Captain,Deathwatch,Plastic,Warhammer 40K: 7th Edition,2016
Kill Team,Deathwatch,Plastic,Warhammer 40K: 7th Edition,2016
Corvus Blackstar,Deathwatch,Plastic,Warhammer 40K: 7th Edition,2016
Watch Captain Artemis,Deathwatch,Plastic,Warhammer 40K: 7th Edition,2016
Kill Team Cassius,Deathwatch,Plastic,Warhammer 40K: 7th Edition,2016
Servitor(s) with Servo-Arm,Grey_Knights,Finecast,Warhammer 40K: Rogue Trader,1993
Land Raider,Grey_Knights,Plastic,Warhammer 40K: 3rd Edition,2000
Dreadnought,Grey_Knights,Plastic,Warhammer 40K: 3rd Edition,2001
Rhino,Grey_Knights,Plastic,Warhammer 40K: 3rd Edition,2002
Razorback,Grey_Knights,Plastic,Warhammer 40K: 3rd Edition,2003
Servitor – Multi-Melta,Grey_Knights,Finecast,Warhammer 40K: 3rd Edition,2003
Servitor – Plasma Cannon,Grey_Knights,Plastic,Warhammer 40K: 3rd Edition,2003
Brother-Captain Stern,Grey_Knights,Finecast,Warhammer 40K: 3rd Edition,2003
Techmarine with Servitors,Grey_Knights,Finecast,Warhammer 40K: 4th Edition,2005
Techmarine,Grey_Knights,Finecast,Warhammer 40K: 4th Edition,2005
Terminator Chaplain,Grey_Knights,Finecast,Warhammer 40K: 4th Edition,2005
Land Raider Crusader,Grey_Knights,Plastic,Warhammer 40K: 5th Edition,2008
Land Raider Redeemer,Grey_Knights,Plastic,Warhammer 40K: 5th Edition,2008
Venerable Dreadnought,Grey_Knights,Plastic,Warhammer 40K: 5th Edition,2010
Stormraven Gunship,Grey_Knights,Plastic,Warhammer 40K: 5th Edition,2011
Terminators,Grey_Knights,Plastic,Warhammer 40K: 5th Edition,2011
Paladins,Grey_Knights,Plastic,Warhammer 40K: 5th Edition,2011
Nemesis Dreadknight,Grey_Knights,Plastic,Warhammer 40K: 5th Edition,2011
Strike Squad,Grey_Knights,Plastic,Warhammer 40K: 5th Edition,2011
Purgation Squad,Grey_Knights,Plastic,Warhammer 40K: 5th Edition,2011
Interceptor Squad,Grey_Knights,Plastic,Warhammer 40K: 5th Edition,2011
Purifier Squad,Grey_Knights,Plastic,Warhammer 40K: 5th Edition,2011
Lord Kaldor Draigo,Grey_Knights,Finecast,Warhammer 40K: 5th Edition,2011
Castellan Crowe,Grey_Knights,Finecast,Warhammer 40K: 5th Edition,2011
Stormtalon Gunship,Grey_Knights,Plastic,Warhammer 40K: 6th Edition,2012
Librarian in Terminator Armour,Grey_Knights,Plastic,Warhammer 40K: 7th Edition,2015
Grand Master Voldus,Grey_Knights,Plastic,Warhammer 40K: 7th Edition,2017
Castellan Crowe,Grey_Knights,Plastic,Warhammer 40K: 9th Edition,2021
Basilisk,Astra_Militarum,Plastic,Warhammer 40K: 2nd Edition,1996
Catachan Jungle Fighters,Astra_Militarum,Plastic,Warhammer 40K: 3rd Edition,1999
Catachan Snipers,Astra_Militarum,Metal,Warhammer 40K: 3rd Edition,2000
Commissar Yarrick,Astra_Militarum,Finecast,Warhammer 40K: 3rd Edition,2000
Steel Legion Squad,Astra_Militarum,Metal,Warhammer 40K: 3rd Edition,2000
Cadian Shock Troops,Astra_Militarum,Plastic,Warhammer 40K: 3rd Edition,2003
Lord Castellan Creed,Astra_Militarum,Finecast,Warhammer 40K: 3rd Edition,2003
Cadian Heavy Weapons Team,Astra_Militarum,Plastic,Warhammer 40K: 3rd Edition,2003
Cadian Snipers,Astra_Militarum,Metal,Warhammer 40K: 3rd Edition,2003
Basilisk,Astra_Militarum,Plastic,Warhammer 40K: 3rd Edition,2003
Catachan Heavy Weapon Squad,Astra_Militarum,Plastic,Warhammer 40K: 3rd Edition,2003
Crusaders,Astra_Militarum,Finecast,Warhammer 40K: 3rd Edition,2004
Baneblade,Astra_Militarum,Plastic,Warhammer 40K: 4th Edition,2007
Hellhammer,Astra_Militarum,Plastic,Warhammer 40K: 4th Edition,2007
Commissar with Power Fist,Astra_Militarum,Metal,Warhammer 40K: 4th Edition,2007
Cadians (5 Models),Astra_Militarum,Plastic,Warhammer 40K: 5th Edition,2008
Shadowsword,Astra_Militarum,Plastic,Warhammer 40K: 5th Edition,2009
Stormlord,Astra_Militarum,Plastic,Warhammer 40K: 5th Edition,2009
Banehammer,Astra_Militarum,Plastic,Warhammer 40K: 5th Edition,2009
Banesword,Astra_Militarum,Plastic,Warhammer 40K: 5th Edition,2009
Doomhammer,Astra_Militarum,Plastic,Warhammer 40K: 5th Edition,2009
Stormsword,Astra_Militarum,Plastic,Warhammer 40K: 5th Edition,2009
Cadian Command Squad,Astra_Militarum,Plastic,Warhammer 40K: 5th Edition,2009
Catachan Command Squad,Astra_Militarum,Plastic,Warhammer 40K: 5th Edition,2009
Valkyrie,Astra_Militarum,Plastic,Warhammer 40K: 5th Edition,2009
Ratlings,Astra_Militarum,Metal,Warhammer 40K: 5th Edition,2009
Primaris Psyker,Astra_Militarum,Metal,Warhammer 40K: 5th Edition,2009
Regimental Advisors,Astra_Militarum,Metal,Warhammer 40K: 5th Edition,2009
Sentinel,Astra_Militarum,Plastic,Warhammer 40K: 5th Edition,2009
Scout Sentinel,Astra_Militarum,Plastic,Warhammer 40K: 5th Edition,2009
Hellhound,Astra_Militarum,Plastic,Warhammer 40K: 5th Edition,2009
Leman Russ Demolisher,Astra_Militarum,Plastic,Warhammer 40K: 5th Edition,2009
Colonel Iron Hand Straken,Astra_Militarum,Metal,Warhammer 40K: 5th Edition,2009
Sergeant Harker,Astra_Militarum,Metal,Warhammer 40K: 5th Edition,2009
Chimera,Astra_Militarum,Plastic,Warhammer 40K: 5th Edition,2010
Basilisk,Astra_Militarum,Plastic,Warhammer 40K: 5th Edition,2010
Leman Russ,Astra_Militarum,Plastic,Warhammer 40K: 5th Edition,2010
Manticore,Astra_Militarum,Plastic,Warhammer 40K: 5th Edition,2010
Deathstrike,Astra_Militarum,Plastic,Warhammer 40K: 5th Edition,2010
Knight Commander Pask,Astra_Militarum,Metal,Warhammer 40K: 5th Edition,2010
Tempestus Scions,Astra_Militarum,Plastic,Warhammer 40K: 6th Edition,2014
Tempestus Command Squad,Astra_Militarum,Plastic,Warhammer 40K: 6th Edition,2014
Taurox,Astra_Militarum,Plastic,Warhammer 40K: 6th Edition,2014
Hydra,Astra_Militarum,Plastic,Warhammer 40K: 6th Edition,2014
Wyvern,Astra_Militarum,Plastic,Warhammer 40K: 6th Edition,2014
Bullgryns,Astra_Militarum,Plastic,Warhammer 40K: 6th Edition,2014
Ogryns,Astra_Militarum,Plastic,Warhammer 40K: 6th Edition,2014
Nork Deddog,Astra_Militarum,Plastic,Warhammer 40K: 6th Edition,2014
Prefectus Commissar,Astra_Militarum,Plastic,Warhammer 40K: 6th Edition,2014
Sly Marbo,Astra_Militarum,Finecast,Warhammer 40K: 8th Edition,2017
Severina Raine,Astra_Militarum,Finecast,Warhammer 40K: 8th Edition,2019
Gaunt's Ghosts,Astra_Militarum,Plastic,Warhammer 40K: 9th Edition,2021
Cadian Shock Troops - box update,Astra_Militarum,Plastic,Warhammer 40K: 9th Edition,2021
Kill Team: Veteran Guardsmen,Astra_Militarum,Plastic,Warhammer 40K: 9th Edition,2022
Lord Solar Leontus,Astra_Militarum,Plastic,Warhammer 40K: 9th Edition,2023
Heavy Weapon Squad,Astra_Militarum,Plastic,Warhammer 40K: 9th Edition,2023
Armoured Sentinel / Scout Sentinel,Astra_Militarum,Plastic,Warhammer 40K: 9th Edition,2023
Cadian Command Squad,Astra_Militarum,Plastic,Warhammer 40K: 9th Edition,2023
Cadian Shock Troops,Astra_Militarum,Plastic,Warhammer 40K: 9th Edition,2023
Field Ordnance Battery,Astra_Militarum,Plastic,Warhammer 40K: 9th Edition,2023
Minka Lesk,Astra_Militarum,Plastic,Warhammer 40K: 9th Edition,2023
Cadian Castellan,Astra_Militarum,Plastic,Warhammer 40K: 9th Edition,2023
Rogal Dorn Battle Tank,Astra_Militarum,Plastic,Warhammer 40K: 9th Edition,2023
Missionary with Chainsword,Adepta_Sororitas,Metal,Warhammer 40K: 2nd Edition,1997
Preacher with Chainsword,Adepta_Sororitas,Metal,Warhammer 40K: 2nd Edition,1997
Rhino,Adepta_Sororitas,Plastic,Warhammer 40K: 3rd Edition,2002
Death Cult Assassins,Adepta_Sororitas,Finecast,Warhammer 40K: 3rd Edition,2003
Crusaders,Adepta_Sororitas,Finecast,Warhammer 40K: 3rd Edition,2004
Canoness Veridyan,Adepta_Sororitas,Finecast,Warhammer 40K: 7th Edition,2016
Saint Celestine,Adepta_Sororitas,Plastic,Warhammer 40K: 7th Edition,2017
Battle Sisters Squad,Adepta_Sororitas,Plastic,Warhammer 40K: 8th Edition,2020
Celestians and Dominions,Adepta_Sororitas,Plastic,Warhammer 40K: 8th Edition,2020
Retributor Squad,Adepta_Sororitas,Plastic,Warhammer 40K: 8th Edition,2020
The Triumph of Saint Katherine,Adepta_Sororitas,Plastic,Warhammer 40K: 8th Edition,2020
Exorcist,Adepta_Sororitas,Plastic,Warhammer 40K: 8th Edition,2020
Penitent Engines,Adepta_Sororitas,Plastic,Warhammer 40K: 8th Edition,2020
Mortifiers,Adepta_Sororitas,Plastic,Warhammer 40K: 8th Edition,2020
Arco-flagellants,Adepta_Sororitas,Plastic,Warhammer 40K: 8th Edition,2020
Hospitaller,Adepta_Sororitas,Plastic,Warhammer 40K: 8th Edition,2020
Junith Eruita,Adepta_Sororitas,Plastic,Warhammer 40K: 8th Edition,2020
Rhino,Adepta_Sororitas,Plastic,Warhammer 40K: 8th Edition,2020
Immolator,Adepta_Sororitas,Plastic,Warhammer 40K: 8th Edition,2020
Canoness,Adepta_Sororitas,Plastic,Warhammer 40K: 8th Edition,2020
Dialogus,Adepta_Sororitas,Plastic,Warhammer 40K: 8th Edition,2020
Imagifier,Adepta_Sororitas,Plastic,Warhammer 40K: 8th Edition,2020
Sisters Repentia,Adepta_Sororitas,Plastic,Warhammer 40K: 8th Edition,2020
Seraphim,Adepta_Sororitas,Plastic,Warhammer 40K: 8th Edition,2020
Zephyrim Squad,Adepta_Sororitas,Plastic,Warhammer 40K: 8th Edition,2020
Daemonifuge – Ephrael Stern & Kyganil,Adepta_Sororitas,Plastic,Warhammer 40K: 8th Edition,2020
Palatine,Adepta_Sororitas,Plastic,Warhammer 40K: 9th Edition,2021
"Morvenn Vahl, Abbess Sanctorum of the Adepta Sororitas",Adepta_Sororitas,Plastic,Warhammer 40K: 9th Edition,2021
Paragon Warsuits,Adepta_Sororitas,Plastic,Warhammer 40K: 9th Edition,2021
Sister Dogmata,Adepta_Sororitas,Plastic,Warhammer 40K: 9th Edition,2021
Celestian Sacresants,Adepta_Sororitas,Plastic,Warhammer 40K: 9th Edition,2021
"Aestred Thurga, Reliquant at Arms ",Adepta_Sororitas,Plastic,Warhammer 40K: 9th Edition,2021
Castigator,Adepta_Sororitas,Plastic,Warhammer 40K: 9th Edition,2021
Kill Team: Novitiates,Adepta_Sororitas,Plastic,Warhammer 40K: 9th Edition,2022
Cannoness With Jump Pack,Adepta_Sororitas,Plastic,Warhammer 40K: 10th Edition,2024
Land Raider,Adeptus_Custodes,Plastic,Warhammer 40K: 3rd Edition,2000
Contemptor Dreadnought,Adeptus_Custodes,Plastic,Warhammer 40K: 7th Edition,2015
Custodian Guard Squad,Adeptus_Custodes,Plastic,Warhammer 40K: 7th Edition,2017
Vexilus Praetor,Adeptus_Custodes,Plastic,Warhammer 40K: 7th Edition,2017
Shield-Captain,Adeptus_Custodes,Plastic,Warhammer 40K: 7th Edition,2017
Sisters of Silence: Prosecutors,Adeptus_Custodes,Plastic,Warhammer 40K: 7th Edition,2017
Sisters of Silence: Vigilators,Adeptus_Custodes,Plastic,Warhammer 40K: 7th Edition,2017
Sisters of Silence: Witchseekers,Adeptus_Custodes,Plastic,Warhammer 40K: 7th Edition,2017
Captain-General Trajan Valoris,Adeptus_Custodes,Plastic,Warhammer 40K: 8th Edition,2018
Vertus Praetors,Adeptus_Custodes,Plastic,Warhammer 40K: 8th Edition,2018
Jetbike Shield-Captain,Adeptus_Custodes,Plastic,Warhammer 40K: 8th Edition,2018
Allarus Custodians,Adeptus_Custodes,Plastic,Warhammer 40K: 8th Edition,2018
Allarus Shield-Captain,Adeptus_Custodes,Plastic,Warhammer 40K: 8th Edition,2018
Allarus Vexilus Praetor,Adeptus_Custodes,Plastic,Warhammer 40K: 8th Edition,2018
Custodian Wardens,Adeptus_Custodes,Plastic,Warhammer 40K: 8th Edition,2018
Warden Shield-Captain,Adeptus_Custodes,Plastic,Warhammer 40K: 8th Edition,2018
Warden Vexilus Praetor,Adeptus_Custodes,Plastic,Warhammer 40K: 8th Edition,2018
Valerian and Aleya,Adeptus_Custodes,Plastic,Warhammer 40K: 8th Edition,2020
Blade Champion,Adeptus_Custodes,Plastic,Warhammer 40K: 9th Edition,2021
Shield-Captain,Adeptus_Custodes,Plastic,Warhammer 40K: 10th Edition,
Servitor(s) with Servo-Arm,Adeptus_Mechanicus,Finecast,Warhammer 40K: Rogue Trader,1993
Servitor – Multi-Melta,Adeptus_Mechanicus,Finecast,Warhammer 40K: 3rd Edition,2003
Servitor – Plasma Cannon,Adeptus_Mechanicus,Plastic,Warhammer 40K: 3rd Edition,2003
Techpriest Enginseer 2,Adeptus_Mechanicus,Metal,Warhammer 40K: 3rd Edition,2003
Knight Errant,Adeptus_Mechanicus,Plastic,Warhammer 40K: 6th Edition,2014
Knight Paladin,Adeptus_Mechanicus,Plastic,Warhammer 40K: 6th Edition,2014
Skitarii Vanguard,Adeptus_Mechanicus,Plastic,Warhammer 40K: 7th Edition,2015
Skitarii Rangers,Adeptus_Mechanicus,Plastic,Warhammer 40K: 7th Edition,2015
Sydonian Dragoon,Adeptus_Mechanicus,Plastic,Warhammer 40K: 7th Edition,2015
Ironstrider Ballistarius,Adeptus_Mechanicus,Plastic,Warhammer 40K: 7th Edition,2015
Sicarian Infiltrators,Adeptus_Mechanicus,Plastic,Warhammer 40K: 7th Edition,2015
Sicarian Ruststalkers,Adeptus_Mechanicus,Plastic,Warhammer 40K: 7th Edition,2015
Onager Dunecrawler,Adeptus_Mechanicus,Plastic,Warhammer 40K: 7th Edition,2015
Kastelan Robots & Cybernetica Datasmith,Adeptus_Mechanicus,Plastic,Warhammer 40K: 7th Edition,2015
Kataphron Destroyers,Adeptus_Mechanicus,Plastic,Warhammer 40K: 7th Edition,2015
Kataphorn Breachers,Adeptus_Mechanicus,Plastic,Warhammer 40K: 7th Edition,2015
Tech-Priest Dominus,Adeptus_Mechanicus,Plastic,Warhammer 40K: 7th Edition,2015
Fulgurite Electro Priests,Adeptus_Mechanicus,Plastic,Warhammer 40K: 7th Edition,2015
Corpuscarii Electro Priests,Adeptus_Mechanicus,Plastic,Warhammer 40K: 7th Edition,2015
Knight Warden,Adeptus_Mechanicus,Plastic,Warhammer 40K: 7th Edition,2015
Knight Gallant,Adeptus_Mechanicus,Plastic,Warhammer 40K: 7th Edition,2015
Knight Crusader,Adeptus_Mechanicus,Plastic,Warhammer 40K: 7th Edition,2015
Tech-Priest Enginseer,Adeptus_Mechanicus,Plastic,Warhammer 40K: 7th Edition,2015
Belisarius Cawl,Adeptus_Mechanicus,Plastic,Warhammer 40K: 7th Edition,2017
Tech-Priest Manipulus,Adeptus_Mechanicus,Plastic,Warhammer 40K: 8th Edition,2019
Skorpius Disintegrator,Adeptus_Mechanicus,Plastic,Warhammer 40K: 8th Edition,2019
Skorpius Dunerider,Adeptus_Mechanicus,Plastic,Warhammer 40K: 8th Edition,2019
Archaeopter Fusilave,Adeptus_Mechanicus,Plastic,Warhammer 40K: 8th Edition,2020
Archaeopter Stratoraptor,Adeptus_Mechanicus,Plastic,Warhammer 40K: 8th Edition,2020
Archaeopter Transvector,Adeptus_Mechanicus,Plastic,Warhammer 40K: 8th Edition,2020
Pteraxii Skystalkers,Adeptus_Mechanicus,Plastic,Warhammer 40K: 8th Edition,2020
Pteraxii Sterylizors,Adeptus_Mechanicus,Plastic,Warhammer 40K: 8th Edition,2020
Serberys Raiders,Adeptus_Mechanicus,Plastic,Warhammer 40K: 8th Edition,2020
Serberys Sulphurhounds,Adeptus_Mechanicus,Plastic,Warhammer 40K: 8th Edition,2020
Skitarii Marshal,Adeptus_Mechanicus,Plastic,Warhammer 40K: 9th Edition,2021
Adeptus Mechanicus: Sydonian Skatros,Adeptus_Mechanicus,Plastic,Warhammer 40K: 9th Edition,2023
Vindicare Assassin,Imperial_Assassins,Plastic,Warhammer 40K: 7th Edition,2015
Culexus Assassin,Imperial_Assassins,Plastic,Warhammer 40K: 7th Edition,2015
Callidus Assassin,Imperial_Assassins,Plastic,Warhammer 40K: 7th Edition,2015
Eversor Assassin,Imperial_Assassins,Plastic,Warhammer 40K: 7th Edition,2015
Knight Errant,Imperial_Knights,Plastic,Warhammer 40K: 6th Edition,2014
Knight Paladin,Imperial_Knights,Plastic,Warhammer 40K: 6th Edition,2014
Knight Warden,Imperial_Knights,Plastic,Warhammer 40K: 7th Edition,2015
Knight Gallant,Imperial_Knights,Plastic,Warhammer 40K: 7th Edition,2015
Knight Crusader,Imperial_Knights,Plastic,Warhammer 40K: 7th Edition,2015
Forgebane: Armiger Warglaives,Imperial_Knights,Plastic,Warhammer 40K: 8th Edition,2018
Knight Castellan,Imperial_Knights,Plastic,Warhammer 40K: 8th Edition,2018
Knight Valiant,Imperial_Knights,Plastic,Warhammer 40K: 8th Edition,2018
Armiger Helverin,Imperial_Knights,Plastic,Warhammer 40K: 8th Edition,2018
Armiger Warglaives,Imperial_Knights,Plastic,Warhammer 40K: 8th Edition,2018
Knight Preceptor,Imperial_Knights,Plastic,Warhammer 40K: 8th Edition,2018
Canis Rex,Imperial_Knights,Plastic,Warhammer 40K: 8th Edition,2018
Inquisitor Coteaz,Inquisition,Finecast,Warhammer 40K: 3rd Edition,2003
Inquisitor with Combi-weapon,Inquisition,Metal?,Warhammer 40K: 3rd Edition,2003
Crusaders,Inquisition,Finecast,Warhammer 40K: 3rd Edition,2004
Inquisitor Karamazov,Inquisition,Finecast,Warhammer 40K: 3rd Edition,2004
Warrior Acolyte,Inquisition,Metal?,Warhammer 40K: 3rd Edition,2004
Inquisitor with Inferno Pistol & Power Sword,Inquisition,Finecast,Warhammer 40K: 3rd Edition,2004
Jokaero Weaponsmith,Inquisition,Finecast,Warhammer 40K: 4th Edition,2011
Inquisitor Greyfax,Inquisition,Plastic,Warhammer 40K: 7th Edition,2017
Eisenhorn,Inquisition,Finecast,Warhammer 40K: 8th Edition,2018
Ordo Xenos Lord Inquisitor Kyria Draxus,Inquisition,Plastic,Warhammer 40K: 8th Edition,2020
Bloodletters of Khorne,Chaos_Daemons,Plastic,Warhammer 40K: 4th Edition,2008
Daemonettes of Slaanesh,Chaos_Daemons,Plastic,Warhammer 40K: 4th Edition,2008
Herald of Khorne on Juggernaut,Chaos_Daemons,Finecast,Warhammer 40K: 4th Edition,2008
Epidemius,Chaos_Daemons,Finecast,Warhammer 40K: 4th Edition,2008
Soul Grinder,Chaos_Daemons,Plastic,Warhammer 40K: 4th Edition,2008
Daemon Prince,Chaos_Daemons,Finecast,Warhammer 40K: 5th Edition,2010
Seekers,Chaos_Daemons,Plastic,Warhammer 40K: 5th Edition,2010
Daemons of Khorne Bloodcrushers,Chaos_Daemons,Plastic,Warhammer 40K: 5th Edition,2010
"Fluxmaster, Herald of Tzeentch",Chaos_Daemons,Finecast,Warhammer 40K: 5th Edition,2011
Exalted Seeker Chariot of Slaanesh,Chaos_Daemons,Plastic,Warhammer 40K: 6th Edition,2012
Seeker Chariot of Slaanesh,Chaos_Daemons,Plastic,Warhammer 40K: 6th Edition,2012
Plaguebearers of Nurgle,Chaos_Daemons,Plastic,Warhammer 40K: 6th Edition,2012
Screamers of Tzeentch,Chaos_Daemons,Plastic,Warhammer 40K: 6th Edition,2012
Flamers of Tzeentch,Chaos_Daemons,Plastic,Warhammer 40K: 6th Edition,2012
The Blue Scribes,Chaos_Daemons,Finecast,Warhammer 40K: 6th Edition,2012
Burning Chariot of Tzeentch,Chaos_Daemons,Plastic,Warhammer 40K: 6th Edition,2013
"Fateskimmer, Herald on Burning Chariot",Chaos_Daemons,Plastic,Warhammer 40K: 6th Edition,2013
Exalted Flamer of Tzeentch,Chaos_Daemons,Plastic,Warhammer 40K: 6th Edition,2013
Blood Throne of Khorne,Chaos_Daemons,Plastic,Warhammer 40K: 6th Edition,2013
Skull Cannon of Khorne,Chaos_Daemons,Plastic,Warhammer 40K: 6th Edition,2013
Herald of Slaanesh,Chaos_Daemons,Finecast,Warhammer 40K: 6th Edition,2013
Poxbringer,Chaos_Daemons,Plastic,Warhammer 40K: 6th Edition,2013
Plague Drones of Nurgle,Chaos_Daemons,Plastic,Warhammer 40K: 6th Edition,2013
Bloodthirster,Chaos_Daemons,Plastic,Warhammer 40K: 7th Edition,2015
Skarbrand,Chaos_Daemons,Plastic,Warhammer 40K: 7th Edition,2015
Horrors of Tzeentch,Chaos_Daemons,Plastic,Warhammer 40K: 7th Edition,2017
Kairos Fateweaver,Chaos_Daemons,Plastic,Warhammer 40K: 7th Edition,2017
Lord of Change,Chaos_Daemons,Plastic,Warhammer 40K: 7th Edition,2017
The Changeling,Chaos_Daemons,Plastic,Warhammer 40K: 7th Edition,2017
Horticulous Slimux,Chaos_Daemons,Plastic,Warhammer 40K: 8th Edition,2017
Great Unclean One,Chaos_Daemons,Plastic,Warhammer 40K: 8th Edition,2018
Rotigus,Chaos_Daemons,Plastic,Warhammer 40K: 8th Edition,2018
Sloppity Bilepiper,Chaos_Daemons,Plastic,Warhammer 40K: 8th Edition,2018
Spoilpox Scrivener,Chaos_Daemons,Plastic,Warhammer 40K: 8th Edition,2018
Beast of Nurgle,Chaos_Daemons,Plastic,Warhammer 40K: 8th Edition,2018
"Karanak, The Hound of Vengeance",Chaos_Daemons,Plastic,Warhammer 40K: 8th Edition,2018
Flesh Hounds,Chaos_Daemons,Plastic,Warhammer 40K: 8th Edition,2018
Infernal Enrapturess,Chaos_Daemons,Plastic,Warhammer 40K: 8th Edition,2018
Fiends,Chaos_Daemons,Plastic,Warhammer 40K: 8th Edition,2018
Skulltaker,Chaos_Daemons,Plastic,Warhammer 40K: 8th Edition,2019
"Bloodmaster, Herald of Khorne",Chaos_Daemons,Plastic,Warhammer 40K: 8th Edition,2019
Syll'Esske: The Vengeful Allegiance,Chaos_Daemons,Plastic,Warhammer 40K: 8th Edition,2019
Keeper of Secrets,Chaos_Daemons,Plastic,Warhammer 40K: 8th Edition,2019
Shalaxi Hellbane,Chaos_Daemons,Plastic,Warhammer 40K: 8th Edition,2019
Contorted Epitome,Chaos_Daemons,Plastic,Warhammer 40K: 8th Edition,2019
The Masque,Chaos_Daemons,Plastic,Warhammer 40K: 8th Edition,2019
"Be'lakor, the Dark Master",Chaos_Daemons,Plastic,Warhammer 40K: 9th Edition,2021
War Dog (Helverin),Chaos_Knights,Plastic,Warhammer 40K: 8th Edition,2018
War Dog (Warglaives),Chaos_Knights,Plastic,Warhammer 40K: 8th Edition,2018
Knight Tyrant (Valiant),Chaos_Knights,Plastic,Warhammer 40K: 8th Edition,2018
Knight Tyrant (Castellan),Chaos_Knights,Plastic,Warhammer 40K: 8th Edition,2018
Knight Despoiler (Preceptor),Chaos_Knights,Plastic,Warhammer 40K: 8th Edition,2018
Knight Desecrator,Chaos_Knights,Plastic,Warhammer 40K: 8th Edition,2019
Knight Rampager,Chaos_Knights,Plastic,Warhammer 40K: 8th Edition,2019
Khorne Berzerkers,Chaos_Space_Marines,Plastic,Warhammer 40K: 3rd Edition,1999
Chaos Bikers,Chaos_Space_Marines,Plastic,Warhammer 40K: 3rd Edition,1999
Chaos Land Raider,Chaos_Space_Marines,Plastic,Warhammer 40K: 3rd Edition,2000
Noise Marines Sonic Weapons,Chaos_Space_Marines,Finecast,Warhammer 40K: 3rd Edition,2002
Noise Marines Upgrade Pack,Chaos_Space_Marines,Finecast,Warhammer 40K: 3rd Edition,2002
Iron Warriors Warsmith,Chaos_Space_Marines,Metal,Warhammer 40K: 3rd Edition,2002
Rhino,Chaos_Space_Marines,Plastic,Warhammer 40K: 3rd Edition,2002
Chaos Rhino,Chaos_Space_Marines,Plastic,Warhammer 40K: 3rd Edition,2002
Chaos Predator,Chaos_Space_Marines,Plastic,Warhammer 40K: 3rd Edition,2003
Night Lords Chaos Lord,Chaos_Space_Marines,Finecast?,Warhammer 40K: 3rd Edition,2003
Night Lord Conversion Pack,Chaos_Space_Marines,Finecast,Warhammer 40K: 3rd Edition,2003
Defiler,Chaos_Space_Marines,Plastic,Warhammer 40K: 3rd Edition,2003
Lucius The Eternal,Chaos_Space_Marines,Finecast,Warhammer 40K: 4th Edition,2006
Fallen,Chaos_Space_Marines,Plastic,Warhammer 40K: 4th Edition,2007
Possessed,Chaos_Space_Marines,Plastic,Warhammer 40K: 4th Edition,2007
Terminator Lord,Chaos_Space_Marines,Plastic,Warhammer 40K: 4th Edition,2007
Sorcerer Lord in Terminator Armour,Chaos_Space_Marines,Plastic,Warhammer 40K: 4th Edition,2007
Chaos Lord with Jump Pack,Chaos_Space_Marines,Finecast,Warhammer 40K: 4th Edition,2007
Huron Blackheart,Chaos_Space_Marines,Finecast,Warhammer 40K: 4th Edition,2007
Chaos Spawn,Chaos_Space_Marines,Plastic,Warhammer 40K: 4th Edition,2007
Bloodletters of Khorne,Chaos_Space_Marines,Plastic,Warhammer 40K: 4th Edition,2008
Daemon Prince,Chaos_Space_Marines,Finecast,Warhammer 40K: 5th Edition,2010
Plaguebearers of Nurgle,Chaos_Space_Marines,Plastic,Warhammer 40K: 6th Edition,2012
Chaos Cultists,Chaos_Space_Marines,Plastic,Warhammer 40K: 6th Edition,2012
Maulerfiend,Chaos_Space_Marines,Plastic,Warhammer 40K: 6th Edition,2012
Forgefiend,Chaos_Space_Marines,Plastic,Warhammer 40K: 6th Edition,2012
Heldrake,Chaos_Space_Marines,Plastic,Warhammer 40K: 6th Edition,2012
Raptors,Chaos_Space_Marines,Plastic,Warhammer 40K: 6th Edition,2012
Warp Talons,Chaos_Space_Marines,Plastic,Warhammer 40K: 6th Edition,2012
Aspiring Champion,Chaos_Space_Marines,Plastic,Warhammer 40K: 6th Edition,2012
Warpsmith,Chaos_Space_Marines,Finecast,Warhammer 40K: 6th Edition,2012
Mutilators,Chaos_Space_Marines,Finecast,Warhammer 40K: 6th Edition,2012
Khorne Lord of Skulls,Chaos_Space_Marines,Plastic,Warhammer 40K: 6th Edition,2013
Helbrute,Chaos_Space_Marines,Plastic,Warhammer 40K: 6th Edition,2014
Khârn the Betrayer,Chaos_Space_Marines,Plastic,Warhammer 40K: 7th Edition,2016
Cypher,Chaos_Space_Marines,Plastic,Warhammer 40K: 7th Edition,2017
Easy to Build: Plague Marines,Chaos_Space_Marines,Plastic,Warhammer 40K: 8th Edition,2017
Easy to Build: Poxwalkers,Chaos_Space_Marines,Plastic,Warhammer 40K: 8th Edition,2017
Plague Marines,Chaos_Space_Marines,Plastic,Warhammer 40K: 8th Edition,2017
Plague Marine Champion,Chaos_Space_Marines,Plastic,Warhammer 40K: 8th Edition,2017
Icon Bearer,Chaos_Space_Marines,Plastic,Warhammer 40K: 8th Edition,2017
Plague Marine Reinforcements,Chaos_Space_Marines,Plastic,Warhammer 40K: 8th Edition,2018
Chaos Lord,Chaos_Space_Marines,Plastic,Warhammer 40K: 8th Edition,2018
Haarken Worldclaimer,Chaos_Space_Marines,Plastic,Warhammer 40K: 8th Edition,2018
Noise Marine,Chaos_Space_Marines,Plastic,Warhammer 40K: 8th Edition,2018
Abaddon The Despoiler,Chaos_Space_Marines,Plastic,Warhammer 40K: 8th Edition,2019
Chaos Space Marines,Chaos_Space_Marines,Plastic,Warhammer 40K: 8th Edition,2019
Chaos Space Marine Havocs,Chaos_Space_Marines,Plastic,Warhammer 40K: 8th Edition,2019
Chaos Terminators,Chaos_Space_Marines,Plastic,Warhammer 40K: 8th Edition,2019
Arch-Lord Discordant,Chaos_Space_Marines,Plastic,Warhammer 40K: 8th Edition,2019
Dark Apostle,Chaos_Space_Marines,Plastic,Warhammer 40K: 8th Edition,2019
Master of Executions,Chaos_Space_Marines,Plastic,Warhammer 40K: 8th Edition,2019
Chaos Sorcerer,Chaos_Space_Marines,Plastic,Warhammer 40K: 8th Edition,2019
Fabius Bile,Chaos_Space_Marines,Plastic,Warhammer 40K: 8th Edition,2020
Chosen,Chaos_Space_Marines,Plastic,Warhammer 40K: 9th Edition,2022
Warpsmith,Chaos_Space_Marines,Plastic,Warhammer 40K: 9th Edition,2022
Chaos Lord,Chaos_Space_Marines,Plastic,Warhammer 40K: 10th Edition,2024
Chaos Lord on Jump Pack,Chaos_Space_Marines,Plastic,Warhammer 40K: 10th Edition,2024
Chaos Land Raider,Death_Guard,Plastic,Warhammer 40K: 3rd Edition,2000
Rhino,Death_Guard,Plastic,Warhammer 40K: 3rd Edition,2002
Chaos Rhino,Death_Guard,Plastic,Warhammer 40K: 3rd Edition,2002
Chaos Predator,Death_Guard,Plastic,Warhammer 40K: 3rd Edition,2003
Defiler,Death_Guard,Plastic,Warhammer 40K: 3rd Edition,2003
Daemon Prince of Nurgle,Death_Guard,Finecast,Warhammer 40K: 4th Edition,2006
Possessed,Death_Guard,Plastic,Warhammer 40K: 4th Edition,2007
Chaos Spawn,Death_Guard,Plastic,Warhammer 40K: 4th Edition,2007
Plaguebearers of Nurgle,Death_Guard,Plastic,Warhammer 40K: 6th Edition,2012
Chaos Cultists,Death_Guard,Plastic,Warhammer 40K: 6th Edition,2012
Lord of Contagion,Death_Guard,Plastic,Warhammer 40K: 8th Edition,2017
Noxious Blightbringer,Death_Guard,Plastic,Warhammer 40K: 8th Edition,2017
Malignant Plaguecaster,Death_Guard,Plastic,Warhammer 40K: 8th Edition,2017
Plague Marine Champion,Death_Guard,Plastic,Warhammer 40K: 8th Edition,2017
Plague Marines,Death_Guard,Plastic,Warhammer 40K: 8th Edition,2017
Foetid Bloat-Drone,Death_Guard,Plastic,Warhammer 40K: 8th Edition,2017
Poxwalkers,Death_Guard,Plastic,Warhammer 40K: 8th Edition,2017
Easy to Build: Plague Marines,Death_Guard,Plastic,Warhammer 40K: 8th Edition,2017
Easy to Build: Poxwalkers,Death_Guard,Plastic,Warhammer 40K: 8th Edition,2017
Mortarion,Death_Guard,Plastic,Warhammer 40K: 8th Edition,2017
Deathshroud Bodyguard,Death_Guard,Plastic,Warhammer 40K: 8th Edition,2017
Blightlord Terminators,Death_Guard,Plastic,Warhammer 40K: 8th Edition,2017
Plague Marines,Death_Guard,Plastic,Warhammer 40K: 8th Edition,2017
Plague Marine Champion,Death_Guard,Plastic,Warhammer 40K: 8th Edition,2017
Icon Bearer,Death_Guard,Plastic,Warhammer 40K: 8th Edition,2017
Plagueburst Crawler,Death_Guard,Plastic,Warhammer 40K: 8th Edition,2017
Foetid Bloat-Drone,Death_Guard,Plastic,Warhammer 40K: 8th Edition,2017
Foul Blightspawn,Death_Guard,Plastic,Warhammer 40K: 8th Edition,2017
"Nauseous Rotbone, the Plague Surgeon",Death_Guard,Plastic,Warhammer 40K: 8th Edition,2017
Biologus Putrifier,Death_Guard,Plastic,Warhammer 40K: 8th Edition,2017
Scribbus Wretch The Tallyman,Death_Guard,Plastic,Warhammer 40K: 8th Edition,2017
"Typhus, Herald of the Plague God",Death_Guard,Plastic,Warhammer 40K: 8th Edition,2017
Easy to Build: Lord Felthius & Tainted Cohort,Death_Guard,Plastic,Warhammer 40K: 8th Edition,2017
Easy to Build: Myphetic Blight-Hauler,Death_Guard,Plastic,Warhammer 40K: 8th Edition,2017
Plague Marine Reinforcements,Death_Guard,Plastic,Warhammer 40K: 8th Edition,2018
Lord of Virulence,Death_Guard,Plastic,Warhammer 40K: 9th Edition,2021
Miasmic Malignifier,Death_Guard,Plastic,Warhammer 40K: 9th Edition,2021
Mutalith Vortex Beast,Thousand_Sons,Plastic,Warhammer 40K: 6th Edition,2013
Magnus the Red,Thousand_Sons,Plastic,Warhammer 40K: 7th Edition,2016
Rubric Marines,Thousand_Sons,Plastic,Warhammer 40K: 7th Edition,2016
Scarab Occult Terminators,Thousand_Sons,Plastic,Warhammer 40K: 7th Edition,2016
Exalted Sorcerers,Thousand_Sons,Plastic,Warhammer 40K: 7th Edition,2016
Tzaangors,Thousand_Sons,Plastic,Warhammer 40K: 7th Edition,2016
Ahriman,Thousand_Sons,Plastic,Warhammer 40K: 7th Edition,2016
Tzaangor Enlightened,Thousand_Sons,Plastic,Warhammer 40K: 7th Edition,2017
Tzaangor Skyfires,Thousand_Sons,Plastic,Warhammer 40K: 7th Edition,2017
Tzaangor Shaman,Thousand_Sons,Plastic,Warhammer 40K: 7th Edition,2017
Infernal Master,Thousand_Sons,Plastic,Warhammer 40K: 9th Edition,2021
