datasheet_id,line,description,cost
1,1,1 model,75
2,1,1 model,80
3,1,1 model,75
4,1,1 model,65
6,1,1 model,90
7,1,1 model,105
8,1,2 models,235
9,1,1 model,80
10,1,1 model,90
11,1,1 model,75
12,1,1 model,45
13,1,1 model,80
14,1,1 model,85
15,1,1 model,65
16,1,10 models,80
16,2,20 models,170
17,1,11 models,40
17,2,22 models,80
19,1,1 Spanner and 4 Burna Boyz,60
19,2,2 Spanners and 8 Burna Boyz,120
20,1,6 models,140
21,1,5 models,105
21,2,10 models,210
22,1,1 model,70
23,1,3 models,125
24,1,2 models,65
24,2,3 models,95
24,3,5 models,160
24,4,6 models,190
25,1,10 models,120
26,1,1 model,70
27,1,5 models,65
27,2,10 models,130
28,1,3 models,80
28,2,6 models,160
29,1,1 model,135
30,1,1 model,125
31,1,1 model,115
32,1,1 model,175
33,1,3 models,65
33,2,6 models,130
34,1,1 model,50
34,2,2 models,100
35,1,1 model,45
35,2,2 models,90
36,1,1 model,40
36,2,2 models,80
37,1,1 model,20
37,2,2 models,40
38,1,1 model,50
38,2,2 models,100
38,3,3 models,150
39,1,1 model,160
40,1,1 model,120
41,1,3 models,125
41,2,6 models,250
42,1,1 model,280
43,1,1 model,265
44,1,1 Spanner and 4 Lootas,50
44,2,2 Spanners and 8 Lootas,100
45,1,5 models,80
45,2,10 models,160
46,1,1 model,800
49,1,4 models,155
49,2,8 models,310
50,1,1 model,110
51,1,1 model,150
52,1,1 model,210
53,1,1 model,135
54,1,1 model,90
55,1,1 model,115
56,1,1 model,295
57,1,1 model,105
59,1,1 model,440
60,1,1 model,70
61,1,5 models,95
61,2,10 models,190
63,1,1 model,65
64,1,5 models,115
64,2,10 models,230
65,1,1 model,220
66,1,1 model,220
67,1,1 model,310
68,1,3 models,75
70,1,10 models,140
71,1,3 models,80
71,2,6 models,170
72,1,1 model,215
73,1,1 model,80
76,1,1 model,70
79,1,1 model,75
81,1,1 model,85
83,1,1 model,75
84,1,1 model,155
85,1,1 model,95
86,1,1 model,75
86,2,2 models,150
87,1,1 model,70
91,1,1 model,150
92,1,1 model,220
93,1,1 model,385
94,1,1 model,75
95,1,4 models,155
96,1,1 model,250
97,1,1 model,175
98,1,1 model,30
98,2,2 models,60
98,3,3 models,90
99,1,1 model,70
103,1,3 models,100
103,2,6 models,200
104,1,5 models,200
104,2,10 models,400
107,1,1 model,110
110,1,1 model,100
111,1,1 model,130
112,1,1 model,75
113,1,1 model,255
114,1,1 model,125
115,1,1 model,75
116,1,3 models,80
116,2,6 models,160
116,3,Attack Bike,+55
117,1,1 model,135
118,1,5 models,180
118,2,10 models,360
119,1,1 model,70
120,1,1 model,165
121,1,1 model,95
122,1,1 model,75
123,1,1 model,220
124,1,1 model,115
125,1,3 models,120
125,2,6 models,240
126,1,5 models,90
126,2,10 models,180
127,1,1 model,95
128,1,5 models,100
128,2,10 models,200
129,1,1 model,95
131,1,1 model,215
132,1,1 model,70
134,1,4 models,55
135,1,1 model,95
136,1,1 model,160
137,1,3 models,75
137,2,6 models,150
138,1,1 model,340
139,1,1 model,840
140,1,1 model,55
146,1,1 model,100
147,1,5 models,95
147,2,10 models,190
148,1,1 model,40
151,1,1 model,120
152,1,1 model,75
153,1,1 model,90
154,1,1 model,170
155,1,1 model,120
156,1,1 model,140
157,1,1 model,95
158,1,1 model,75
159,1,1 model,135
160,1,1 model,75
164,1,1 model,100
165,1,3 models,125
165,2,6 models,260
166,1,1 model,160
167,1,1 model,150
168,1,1 model,125
169,1,1 model,90
218,1,1 model,115
219,1,1 model,85
225,1,1 model,70
226,1,1 model,75
230,1,5 models,180
230,2,10 models,360
231,1,5 models,250
238,1,1 model,100
239,1,1 model,195
240,1,1 model,210
241,1,3 models,90
241,2,6 models,180
242,1,1 model,120
243,1,1 model,480
282,1,1 model,110
285,1,1 model,100
292,1,1 model,85
297,1,1 model,70
302,1,1 model,170
303,1,10 models,135
303,2,20 models,285
305,1,10 models,180
306,1,1 model,60
308,1,1 model,95
311,1,5 models,85
311,2,10 models,170
314,1,1 model,160
317,1,1 model,105
318,1,5 models,170
318,2,10 models,340
322,1,3 models,115
322,2,6 models,230
323,1,5 models,40
323,2,10 models,80
358,1,1 model,180
374,1,1 model,110
375,1,1 model,95
376,1,1 model,90
379,1,1 model,70
380,1,1 model,90
381,1,5 models,120
381,2,10 models,240
382,1,4 models,160
382,2,5 models,200
382,3,8 models,320
382,4,10 models,400
383,1,5 models,125
383,2,10 models,250
384,1,4 models,180
384,2,5 models,225
384,3,8 models,360
384,4,10 models,450
387,1,5 models,130
387,2,10 models,260
388,1,5 models,125
388,2,10 models,250
389,1,1 model,210
390,1,1 model,160
391,1,1 model,220
392,1,1 model,220
393,1,1 model,270
395,1,1 model,85
396,1,1 model,80
398,1,1 model,280
399,1,1 model,70
400,1,1 model,140
402,1,1 model,95
403,1,4 models,70
403,2,8 models,140
403,3,12 models,210
404,1,1 model,50
405,1,1 model,50
406,1,1 model,85
407,1,1 model,100
408,1,1 model,50
409,1,3 models,65
410,1,1 model,60
411,1,10 models,75
412,1,10 models,100
413,1,10 models,65
413,2,20 models,140
414,1,1 model,40
414,2,2 models,60
414,3,3 models,90
415,1,5 models,40
415,2,10 models,80
417,1,3 models,80
417,2,6 models,120
418,1,3 models,200
418,2,6 models,400
420,1,1 model,160
421,1,1 model,190
422,1,10 models,90
423,1,1 model,60
423,2,2 models,120
423,3,3 models,180
424,1,1 model,85
425,1,1 model,170
426,1,1 model,160
427,1,5 models,65
427,2,10 models,130
428,1,1 model,60
430,1,1 model,140
431,1,1 model,140
432,1,1 model,145
433,1,1 model,80
433,2,2 models,170
433,3,3 models,270
434,1,1 model,400
435,1,1 model,85
436,1,1 model,85
436,2,Tidewall Defence Platform,+20
437,1,1 model,90
439,1,1 model,80
443,1,1 model,55
443,2,2 models,110
444,1,1 model,210
445,1,1 model,200
446,1,1 model,790
447,1,2 models,80
447,2,4 models,160
448,1,1 model,60
449,1,2 models,45
452,1,2 models,160
453,1,1 model,220
454,1,1 model,325
455,1,1 model,315
456,1,1 model,275
457,1,1 model,2100
458,1,1 model,50
459,1,1 model,50
460,1,1 model,195
461,1,1 model,220
462,1,1 model,150
463,1,1 model,80
465,1,1 model,160
467,1,5 models,75
467,2,10 models,140
468,1,10 models,60
468,2,20 models,120
469,1,10 models,65
469,2,20 models,130
470,1,1 model,25
470,2,2 models,40
470,3,3 models,50
471,1,3 models,80
471,2,6 models,160
472,1,3 models,90
472,2,6 models,180
473,1,1 model,60
474,1,1 model,170
475,1,3 models,100
475,2,6 models,200
476,1,3 models,70
476,2,6 models,140
477,1,1 model,40
477,2,2 models,70
477,3,3 models,105
478,1,1 model,125
479,1,1 model,80
482,1,3 models,75
482,2,6 models,150
483,1,3 models,60
484,1,10 models,85
484,2,20 models,170
485,1,1 model,215
486,1,1 model,200
487,1,1 model,30
487,2,2 models,60
488,1,3 models,55
488,2,6 models,110
489,1,1 model,105
490,1,1 model,115
490,2,2 models,230
491,1,1 model,50
491,2,2 models,100
491,3,3 models,150
493,1,1 model,140
494,1,1 model,135
495,1,1 model,140
496,1,1 model,200
497,1,1 model,150
498,1,1 model,145
499,1,1 model,75
500,1,1 model,200
503,1,1 model,340
504,1,1 model,610
505,1,1 model,810
506,1,1 model,330
507,1,1 model,75
508,1,1 model,50
509,1,1 model,70
510,1,1 model,50
511,1,5 models,65
511,2,10 models,130
512,1,10 models,65
512,2,20 models,145
513,1,5 models,70
513,2,10 models,140
514,1,5 models,135
514,2,10 models,300
515,1,5 models,75
515,2,10 models,140
516,1,1 model,85
521,1,1 model,120
522,1,1 model,100
523,1,1 model,85
524,1,1 model,65
527,1,1 model,85
528,1,1 model,85
530,1,1 model,80
531,1,1 model,95
532,1,1 model,75
533,1,1 model,120
534,1,10 models,90
534,2,20 models,200
535,1,5 models,70
535,2,10 models,150
536,1,5 models,85
536,2,10 models,170
537,1,5 models,60
537,2,10 models,120
538,1,5 models,60
538,2,10 models,120
539,1,5 models,90
539,2,10 models,180
540,1,1 model,110
541,1,1 model,305
542,1,1 model,265
543,1,1 model,115
544,1,1 model,145
545,1,1 model,230
546,1,3 models,110
546,2,6 models,220
548,1,3 models,75
548,2,6 models,150
551,1,1 model,75
551,2,2 models,150
552,1,1 model,400
553,1,1 model,105
554,1,1 model,200
555,1,1 model,295
556,1,1 model,425
557,1,1 model,300
558,1,1 model,130
559,1,3 models,85
559,2,6 models,170
560,1,1 model,115
561,1,1 model,140
562,1,1 model,120
564,1,1 model,130
567,1,1 model,210
568,1,1 model,110
569,1,1 model,100
570,1,1 model,70
571,1,1 model,125
572,1,1 model,105
573,1,1 model,90
574,1,1 model,120
575,1,1 model,115
576,1,1 model,100
577,1,1 model,85
580,1,1 model,90
581,1,1 model,280
582,1,1 model,70
583,1,1 model,80
584,1,2 models,55
584,2,4 models,130
585,1,1 model,45
587,1,1 model,45
587,2,2 models,90
588,1,1 model,65
589,1,11 models,100
590,1,11 models,100
591,1,3 models,80
591,2,6 models,160
592,1,5 models,55
592,2,10 models,110
593,1,5 models,75
593,2,10 models,150
594,1,5 models,95
594,2,10 models,190
595,1,5 models,85
595,2,10 models,150
596,1,5 models,120
596,2,10 models,220
597,1,5 models,170
598,1,5 models,160
599,1,1 model,125
600,1,5 models,85
600,2,10 models,190
601,1,5 models,95
601,2,10 models,190
602,1,3 models,110
602,2,6 models,220
603,1,1 model,160
605,1,1 model,65
605,2,2 models,130
606,1,1 model,155
607,1,5 models,90
607,2,10 models,195
609,1,1 model,130
610,1,1 model,150
611,1,1 model,190
612,1,1 model,85
612,2,2 models,170
613,1,1 model,140
614,1,1 model,435
615,1,5 Shadow Spectres,115
615,2,10 Shadow Spectres,230
615,3,Shadow Spectre Exarch,+30
616,1,1 model,95
617,1,1 model,160
618,1,1 model,100
619,1,1 model,145
620,1,1 model,180
621,1,1 model,410
622,1,1 model,415
623,1,1 model,150
624,1,1 model,175
625,1,1 model,430
626,1,1 model,460
627,1,1 model,490
628,1,1 model,1100
629,1,3 models,105
629,2,4 models,140
629,3,6 models,210
629,4,7 models,245
630,1,1 model,105
631,1,1 model,2100
632,1,5 models,125
632,2,6 models,150
632,3,10 models,250
632,4,11 models,275
633,1,5 models,125
633,2,6 models,150
633,3,10 models,250
633,4,11 models,275
634,1,1 model,85
639,1,1 model,45
640,1,1 model,95
641,1,1 model,60
642,1,1 model,80
643,1,1 model,85
644,1,10 models,100
646,1,10 models,80
648,1,5 models,85
648,2,10 models,170
649,1,5 models,65
649,2,10 models,120
650,1,5 models,55
650,2,10 models,110
651,1,3 models,80
651,2,6 models,170
652,1,7 models,120
656,1,1 model,75
657,1,1 model,65
658,1,3 models,65
658,2,6 models,120
659,1,5 models,75
659,2,10 models,150
660,1,1 model,170
661,1,1 model,235
662,1,5 models,130
662,2,10 models,180
663,1,1 model,80
663,2,2 models,160
664,1,1 model,50
664,2,2 models,85
665,1,1 model,100
666,1,1 model,95
667,1,1 model,230
680,1,1 model,235
686,1,3 models,65
690,1,1 model,55
690,2,2 models,110
691,1,1 model,65
691,2,2 models,130
692,1,1 model,85
693,1,1 model,75
694,1,1 model,125
695,1,1 model,140
696,1,1 model,95
697,1,1 model,110
698,1,1 model,165
699,1,1 model,145
700,1,1 model,185
701,1,1 model,190
702,1,1 model,450
703,1,1 model,420
704,1,1 model,450
705,1,1 model,415
706,1,1 model,420
707,1,1 model,410
708,1,1 model,430
709,1,1 model,465
713,1,1 model,55
714,1,1 model,40
716,1,1 model,30
719,1,5 models,85
721,1,1 model,90
722,1,3 models,60
722,2,6 models,130
723,1,3 models,100
723,2,6 models,200
724,1,5 models,60
724,2,10 models,100
725,1,1 model,60
727,1,1 model,190
728,1,1 model,80
729,1,1 model,80
730,1,1 model,110
731,1,1 model,40
733,1,1 model,80
735,1,1 model,95
736,1,1 model,50
737,1,1 model,55
739,1,1 model,105
740,1,1 model,160
741,1,1 model,25
743,1,1 model,120
744,1,1 model,115
745,1,1 model,50
746,1,1 model,50
747,1,1 model,95
751,1,1 model,270
752,1,1 model,310
753,1,1 model,250
754,1,1 model,235
755,1,1 model,95
756,1,1 model,125
757,1,1 model,35
757,2,2 models,70
757,3,3 models,105
758,1,1 model,45
758,2,2 models,90
759,1,1 model,55
760,1,1 model,180
762,1,1 model,40
762,2,2 models,80
762,3,3 models,120
763,1,1 model,415
764,1,1 model,480
766,1,1 model,180
767,1,1 model,325
768,1,1 model,275
769,1,1 model,310
770,1,1 model,310
771,1,1 model,285
772,1,1 model,310
773,1,1 model,345
774,1,1 model,375
775,1,1 model,225
776,1,1 model,275
777,1,1 model,285
778,1,1 model,120
779,1,1 model,95
780,1,1 model,130
781,1,1 model,130
783,1,1 model,255
784,1,1 model,225
786,1,1 model,220
838,1,1 model,175
839,1,1 model,65
840,1,1 model,55
841,1,3 models,160
841,2,6 models,320
842,1,3 models,105
842,2,6 models,210
843,1,5 models,70
843,2,10 models,140
844,1,5 models,65
844,2,10 models,130
845,1,2 models,180
845,2,4 models,360
846,1,1 model,35
847,1,4 models,50
848,1,10 models,85
849,1,10 models,95
850,1,5 models,70
850,2,10 models,140
851,1,5 models,75
851,2,10 models,150
852,1,1 model,75
852,2,2 models,150
852,3,3 models,225
853,1,1 model,65
853,2,2 models,130
853,3,3 models,195
854,1,1 model,155
855,1,1 model,375
856,1,1 model,375
857,1,1 model,385
858,1,1 model,375
859,1,1 model,395
860,1,1 model,700
861,1,1 model,395
862,1,1 model,405
863,1,1 model,395
864,1,1 model,395
865,1,1 model,385
866,1,1 model,385
867,1,1 model,1100
868,1,1 model,2200
869,1,1 model,3500
870,1,1 model (<ky>AGENTS OF THE IMPERIUM</ky> Detachment),110
870,2,1 model (Assigned Agent),125
871,1,1 model,100
872,1,1 model (<ky>AGENTS OF THE IMPERIUM</ky> Detachment),110
872,2,1 model (Assigned Agent),120
873,1,1 model,85
874,1,1 model,65
875,1,1 model,140
876,1,1 model (<ky>AGENTS OF THE IMPERIUM</ky> Detachment),75
876,2,1 model (Assigned Agent),95
877,1,1 model,55
882,1,4 models,160
882,2,5 models,200
883,1,1 model,170
884,1,1 model,220
889,1,1 model,60
894,1,2 models,40
894,2,4 models,80
895,1,2 models,55
895,2,4 models,110
896,1,3 models,45
896,2,10 models,140
897,1,1 model,75
897,2,2 models,150
898,1,3 models,150
899,1,1 model,50
900,1,1 model,65
901,1,1 model,50
902,1,1 model,40
903,1,10 models,105
904,1,5 models,80
904,2,10 models,160
907,1,5 models,75
907,2,10 models,160
908,1,5 models,105
909,1,10 models,115
910,1,1 model,75
911,1,1 model,115
912,1,1 model,210
914,1,1 model,275
917,1,1 model,140
918,1,1 model,260
919,1,1 model,225
920,1,1 model,550
921,1,1 model,525
922,1,1 model,155
923,1,1 model,125
924,1,1 model,270
925,1,1 model,80
926,1,1 model,90
928,1,2 models,85
929,1,1 model,90
930,1,1 model,95
931,1,1 model,95
932,1,1 model,115
933,1,1 model,100
934,1,1 model,90
935,1,1 model,100
936,1,3 models,65
937,1,1 model,165
938,1,1 model,60
939,1,1 model,80
940,1,1 model,75
941,1,1 model,80
942,1,1 model,80
943,1,1 model,85
944,1,1 model,70
946,1,10 models,50
946,2,20 models,100
947,1,5 models,180
947,2,10 models,360
952,1,5 models,125
952,2,10 models,250
953,1,5 models,120
953,2,10 models,240
954,1,1 model,130
955,1,3 models,185
956,1,1 model,75
957,1,3 models,70
957,2,6 models,130
958,1,5 models,90
958,2,10 models,170
959,1,5 models,125
959,2,10 models,270
960,1,2 models,70
961,1,1 model,205
962,1,1 model,220
963,1,1 model,140
964,1,1 model,185
965,1,2 models,160
966,1,5 models,125
967,1,1 model,180
968,1,1 model,130
969,1,1 model,190
970,1,1 model,450
1016,1,1 model,85
1017,1,1 model,85
1020,1,5 models,105
1020,2,10 models,190
1021,1,1 model,110
1022,1,1 model,90
1023,1,2 models,65
1024,1,1 model,215
1025,1,1 model,220
1026,1,1 model,140
1027,1,1 model,185
1028,1,1 model,140
1029,1,1 model,130
1030,1,1 model,165
1031,1,1 model,435
1032,1,1 model,100
1033,1,1 model,80
1034,1,10 models,70
1034,2,20 models,160
1035,1,5 models,180
1035,2,10 models,360
1036,1,1 model,180
1044,1,5 models,95
1044,2,7 models,130
1044,3,10 models,190
1045,1,5 models,155
1045,2,10 models,310
1046,1,1 model,115
1047,1,1 model,85
1048,1,2 models,80
1049,1,1 model,240
1050,1,1 model,135
1051,1,1 model,165
1052,1,1 model,195
1053,1,1 model,100
1054,1,1 model,120
1055,1,1 model,60
1056,1,10 models,65
1056,2,20 models,130
1057,1,1 model,100
1058,1,1 model,50
1094,1,1 model,385
1095,1,1 model,385
1096,1,1 model,385
1097,1,1 model,395
1098,1,1 model,375
1099,1,1 model,700
1100,1,1 model,375
1104,1,1 model,75
1105,1,1 model,305
1106,1,1 model,85
1111,1,1 model,165
1112,1,5 models,75
1112,2,10 models,150
1114,1,10 models,110
1115,1,3 models,110
1115,2,6 models,220
1116,1,1 model,95
1117,1,1 model,270
1118,1,1 model,90
1119,1,1 model,75
1120,1,1 model,260
1125,1,3 models,65
1125,2,6 models,130
1126,1,1 model,65
1127,1,3 models,80
1127,2,6 models,160
1128,1,1 model,115
1129,1,1 model,80
1130,1,1 model,250
1132,1,10 models,110
1133,1,3 models,40
1133,2,6 models,70
1134,1,1 model,65
1134,2,2 models,130
1135,1,3 models,110
1135,2,6 models,220
1136,1,1 model,95
1137,1,1 model,270
1138,1,1 model,60
1139,1,1 model,70
1141,1,1 model,140
1142,1,10 models,100
1143,1,3 models,95
1143,2,6 models,190
1144,1,1 model,80
1144,2,2 models,160
1145,1,5 models,80
1145,2,10 models,160
1146,1,1 model,65
1146,2,2 models,130
1147,1,1 model,115
1148,1,1 model,375
1149,1,1 model,190
1150,1,5 models,40
1150,2,10 models,80
1151,1,1 model,180
1153,1,1 model,285
1154,1,5 models,120
1154,2,10 models,240
1156,1,1 model,125
1157,1,5 models,80
1157,2,10 models,160
1158,1,1 model,60
1159,1,5 models,80
1159,2,10 models,160
1160,1,5 models,70
1160,2,10 models,140
1161,1,1 model,200
1162,1,1 model,70
1163,1,1 model,235
1164,1,2 models,90
1165,1,1 model,45
1166,1,2 models,110
1166,2,5 models,275
1167,1,1 model,60
1168,1,1 model,95
1169,1,1 model,95
1172,1,1 model,80
1174,1,1 model,60
1175,1,1 model,265
1177,1,5 models,100
1177,2,10 models,200
1178,1,1 model,175
1179,1,1 model,1100
1182,1,1 model,90
1183,1,5 models,170
1183,2,10 models,340
1184,1,1 model,285
1185,1,1 model,220
1188,1,1 model,185
1189,1,1 model,610
1190,1,1 model,165
1191,1,1 model,280
1192,1,1 model,150
1193,1,3 models,165
1193,2,6 models,330
1196,1,1 model,255
1197,1,1 model,805
1199,1,1 model,130
1237,1,1 model,185
1293,1,1 model,160
1294,1,1 model,150
1295,1,1 model,170
1297,1,1 model,425
1298,1,1 model,560
1302,1,1 model,115
1310,1,1 model,115
1311,1,1 model,325
1317,1,1 model,115
1318,1,1 model,140
1321,1,1 model,840
1329,1,1 model,415
1332,1,1 model,320
1333,1,1 model,315
1336,1,3 models,120
1337,1,3 models,160
1338,1,1 model,145
1339,1,1 model,130
1340,1,1 model,275
1344,1,1 model,75
1345,1,1 model,55
1346,1,1 model,65
1347,1,1 model,275
1348,1,1 model,80
1355,1,1 model,70
1360,1,1 model,225
1361,1,1 model,80
1362,1,1 model,65
1363,1,1 model,160
1364,1,1 model,170
1367,1,1 model,75
1368,1,1 model,60
1369,1,1 model,50
1370,1,1 model,50
1371,1,3 models,160
1371,2,6 models,320
1372,1,3 models,115
1372,2,5 models,185
1372,3,10 models,370
1374,1,1 model,100
1374,2,2 models,200
1376,1,1 model,210
1377,1,1 model,380
1383,1,3 models,110
1385,1,1 model,50
1386,1,1 model,100
1387,1,1 model,100
1388,1,1 model,250
1389,1,1 model,230
1390,1,1 model,130
1391,1,3 models,110
1392,1,1 model,100
1393,1,1 model,115
1394,1,1 model,35
1396,1,1 model,45
1397,1,4 models,35
1398,1,1 model,40
1400,1,1 model,45
1406,1,1 model,55
1423,1,1 model,105
1446,1,1 model,140
1447,1,1 model,120
1448,1,1 model,130
1449,1,1 model,150
1450,1,4 models,210
1450,2,5 models,260
1453,1,2 models,120
1453,2,3 models,180
1453,3,5 models,300
1453,4,6 models,360
1454,1,2 models,150
1454,2,3 models,225
1455,1,1 model,65
1456,1,1 model,100
1458,1,1 model,155
1460,1,1 model,215
1461,1,1 model,200
1462,1,1 model,60
1463,1,1 model,95
1464,1,1 model,60
1465,1,1 model,250
1466,1,1 model,120
1467,1,1 model,55
1468,1,1 model,55
1469,1,1 model,60
1470,1,1 model,100
1472,1,1 model,60
1474,1,3 models,55
1474,2,6 models,90
1476,1,1 model,175
1477,1,1 model,80
1478,1,1 model,80
1479,1,1 model,225
1481,1,1 model,140
1482,1,1 model,140
1483,1,1 model,365
1484,1,1 model,415
1485,1,1 model,410
1486,1,1 model,410
1523,1,5 models,75
1523,2,10 models,150
1524,1,1 model,75
1525,1,5 models,65
1525,2,10 models,130
1526,1,5 models,50
1526,2,10 models,100
1527,1,1 model,110
1533,1,1 model,200
1536,1,1 model,80
1537,1,1 model,80
1538,1,1 model,70
1539,1,1 model,70
1540,1,1 model,70
1541,1,1 model,75
1542,1,1 model,95
1545,1,1 model,80
1546,1,1 model,85
1553,1,1 model,50
1556,1,1 model,90
1557,1,1 model,165
1558,1,3 models,195
1558,2,6 models,390
1559,1,5 models,250
1560,1,3 models,225
1560,2,6 models,450
1561,1,3 models,165
1561,2,6 models,330
1562,1,1 model,105
1563,1,5 models,225
1564,1,1 model,690
1565,1,1 model,55
1567,1,1 model,50
1568,1,1 model,45
1569,1,1 model,50
1570,1,1 model,60
1571,1,1 model,60
1572,1,1 model,50
1573,1,1 model,95
1573,2,2 models,170
1574,1,5 models,85
1574,2,10 models,150
1576,1,1 model,125
1577,1,1 model,540
1579,1,1 model,65
1580,1,1 model,60
1581,1,1 model,60
1583,1,1 model,160
1584,1,1 model,80
1586,1,1 model,110
1587,1,1 model,125
1588,1,1 model,105
1589,1,1 model,60
1596,1,2 models,50
1598,1,1 model,75
1600,1,1 model,60
1601,1,4 models,55
1603,1,4 models,35
1604,1,10 models,70
1606,1,5 models,75
1606,2,10 models,150
1607,1,1 model,285
1608,1,1 model,250
1609,1,1 model,290
1610,1,1 model,150
1611,1,1 model,75
1630,1,1 model,85
1647,1,1 model,100
1648,1,1 model,380
1649,1,1 model,120
1650,1,1 model,85
1651,1,1 model,165
1658,1,1 model,375
1659,1,1 model,410
1660,1,1 model,365
1661,1,1 model,365
1662,1,1 model,765
1663,1,1 model,150
1664,1,1 model,765
1666,1,1 model,515
1667,1,1 model,160
1668,1,3 models,85
1680,1,1 model,580
1822,1,1 model,40
1825,1,1 model,150
1991,1,1 model,200
1993,1,1 model,40
1994,1,1 model,160
1997,1,5 models,85
1997,2,10 models,160
2063,1,1 model,235
2064,1,1 model,80
2066,1,5 models,80
2066,2,10 models,160
2067,1,1 model,70
2067,2,2 models,140
2068,1,1 model,170
2076,1,1 model,55
2076,2,2 models,110
2076,3,3 models,165
2077,1,1 model,2600
2080,1,1 model,55
2081,1,3 models,55
2081,2,6 models,110
2082,1,3 models,60
2082,2,6 models,120
2083,1,5 models,80
2083,2,10 models,160
2084,1,5 models,70
2084,2,10 models,140
2085,1,1 model,150
2086,1,1 model,185
2087,1,1 model,160
2088,1,1 model,65
2090,1,1 model (<ky>AGENTS OF THE IMPERIUM</ky> Detachment),75
2090,2,1 model (Assigned Agent),95
2092,1,1 model,165
2093,1,1 model,70
2098,1,5 models,110
2098,2,10 models,220
2099,1,3 models,100
2099,2,6 models,200
2100,1,1 model,85
2102,1,1 model,100
2103,1,5 models,165
2105,1,1 model,100
2108,1,1 model,55
2109,1,1 model,90
2110,1,3 models,90
2110,2,6 models,180
2111,1,2 models,60
2112,1,1 model,75
2114,1,3 models,40
2114,2,6 models,80
2115,1,1 model,140
2116,1,1 model,55
2116,2,2 models,110
2116,3,3 models,165
2173,1,1 model,270
2199,1,3 models,200
2202,1,5 models,120
2202,2,10 models,200
2234,1,1 model,55
2252,1,1 model,315
2255,1,5 models,100
2255,2,10 models,200
2258,1,1 model,140
2266,1,1 model,65
2267,1,1 model,95
2268,1,1 model,115
2269,1,1 model,170
2270,1,5 models,200
2285,1,5 models,85
2285,2,10 models,160
2291,1,1 model,115
2296,1,1 model,70
2302,1,5 models,200
2302,2,10 models,400
2350,1,1 model,50
2351,1,1 model,80
2352,1,1 model,80
2353,1,1 model,55
2354,1,1 model,65
2355,1,1 model,75
2357,1,1 model,300
2358,1,3 models,80
2358,2,6 models,160
2359,1,1 model,40
2359,2,2 models,60
2359,3,3 models,90
2359,4,6 models,180
2360,1,3 models,400
2361,1,1 model,60
2361,2,2 models,120
2361,3,3 models,180
2362,1,1 model,920
2363,1,1 model,45
2374,1,10 models,110
2375,1,5 models,45
2377,1,3 models,65
2378,1,1 model,35
2379,1,1 model,90
2453,1,1 model,225
2459,1,2 models,105
2460,1,1 model,100
2461,1,1 model,145
2462,1,1 model,105
2468,1,1 model,80
2471,1,4 models,95
2472,1,1 model,50
2473,1,1 model,90
2477,1,1 model,45
2478,1,1 model,35
2479,1,1 model,170
2480,1,2 models,70
2481,1,5 models,70
2481,2,10 models,130
2482,1,1 model,45
2483,1,3 models,210
2484,1,1 model,160
2485,1,6 models,100
2488,1,1 model,90
2489,1,1 model,80
2490,1,1 model,110
2491,1,1 model,70
2492,1,1 model,60
2493,1,1 model,145
2494,1,10 models,95
2494,2,20 models,190
2496,1,4 models,150
2496,2,8 models,300
2497,1,1 model,155
2498,1,1 model,135
2499,1,1 model,135
2500,1,1 model,95
2501,1,1 model,130
2507,1,10 models,100
2509,1,6 models (<ky>AGENTS OF THE IMPERIUM</ky> Detachment),50
2509,2,6 models (Assigned Agent),70
2518,1,1 model,120
2519,1,1 model,110
2520,1,1 model,55
2521,1,4 models,40
2521,2,5 models,50
2521,3,9 models,75
2521,4,10 models,85
2522,1,4 models,50
2522,2,5 models,65
2522,3,9 models,100
2522,4,10 models,110
2523,1,4 models,50
2523,2,5 models,65
2523,3,9 models,115
2523,4,10 models,125
2524,1,1 model,75
2525,1,1 model,65
2528,1,1 model,170
2529,1,1 model,80
2530,1,1 model,55
2531,1,5 models,65
2531,2,10 models,110
2532,1,5 models,80
2532,2,10 models,160
2533,1,3 models,80
2533,2,6 models,160
2534,1,1 model,75
2535,1,1 model,60
2536,1,5 models,85
2536,2,6 models,100
2536,3,11 models,190
2536,4,12 models,205
2537,1,1 model,90
2538,1,1 model,115
2539,1,2 models,95
2539,2,4 models,190
2540,1,1 model,125
2541,1,1 model,80
2542,1,1 model,100
2543,1,1 model,90
2544,1,1 model,260
2562,1,1 model,130
2563,1,1 model,140
2564,1,1 model,150
2565,1,1 model,140
2566,1,1 model,140
2567,1,1 model,355
2568,1,1 model,80
2569,1,5 models,90
2570,1,5 models,90
2570,2,10 models,170
2571,1,8 models,90
2571,2,16 models,195
2572,1,1 model,135
2582,1,1 model,305
2583,1,10 models,125
2584,1,10 models,140
2587,1,10 models,90
2588,1,12 models,85
2589,1,2 models,55
2590,1,10 models,70
2591,1,16 models,85
2592,1,7 models,125
2593,1,1 model,95
2594,1,1 model,70
2595,1,1 model,70
2596,1,3 models,65
2597,1,5 models,75
2598,1,10 models,100
2599,1,5 models,135
2599,2,10 models,270
2600,1,5 models,100
2600,2,10 models,200
2601,1,3 models,80
2601,2,6 models,160
2602,1,1 model,95
2603,1,3 models,80
2603,2,6 models,160
2604,1,1 model,240
2605,1,1 model,130
2606,1,1 model,85
2607,1,1 model,55
2609,1,5 models,65
2610,1,3 models,40
2612,1,10 models,65
2612,2,20 models,120
2613,1,10 models,65
2613,2,20 models,145
2614,1,10 models,65
2614,2,20 models,120
2615,1,10 models,110
2616,1,5 models,60
2616,2,10 models,120
2617,1,1 model,250
2619,1,1 model,145
2621,1,1 model,360
2622,1,1 model,100
2623,1,1 model,110
2624,1,1 model,200
2625,1,1 model,90
2626,1,1 model,60
2627,1,10 models,180
2627,2,20 models,360
2628,1,10 models,65
2628,2,20 models,140
2629,1,5 models,175
2629,2,10 models,350
2630,1,3 models,135
2630,2,6 models,270
2631,1,3 models,140
2631,2,6 models,280
2632,1,1 model,120
2633,1,2 models,90
2634,1,1 model,220
2635,1,1 model,180
2636,1,1 model,145
2637,1,1 model,145
2638,1,1 model,170
2639,1,1 model,150
2640,1,1 model,85
2641,1,1 model,200
2642,1,1 model,505
2677,1,1 model,75
2678,1,1 model,80
2679,1,1 model,175
2682,1,1 model,315
2683,1,11 models,85
2684,1,11 models (<ky>AGENTS OF THE IMPERIUM</ky> Detachment),85
2684,2,11 models (Assigned Agent),100
2685,1,11 models,90
2686,1,5 models,55
2686,2,10 models,110
2687,1,11 models,45
2687,2,22 models,90
2688,1,1 model,105
2689,1,1 model,110
2690,1,1 model,135
2691,1,3 models,75
2691,2,6 models,150
2692,1,3 models,65
2692,2,6 models,130
2693,1,3 models,70
2693,2,6 models,140
2694,1,1 model,65
2700,1,1 model,525
2701,1,1 model,70
2702,1,1 model,95
2703,1,3 models,150
2703,2,6 models,300
2704,1,1 model,535
2705,1,1 model,160
2706,1,1 model,150
2707,1,1 model,70
2708,1,1 model,100
2709,1,1 model,70
2710,1,1 model,265
2711,1,1 model,80
2712,1,3 models,80
2712,2,6 models,160
2712,3,Invader ATV,+60
2713,1,1 model,90
2714,1,1 model,135
2715,1,1 model,140
2717,1,1 model,195
2718,1,5 models,80
2718,2,10 models,160
2719,1,1 model,180
2720,1,1 model,105
2721,1,1 model,180
2722,1,1 model,220
2723,1,1 model,75
2724,1,1 model,495
2725,1,5 models,85
2726,1,1 model,100
2727,1,1 model,190
2728,1,1 model,115
2729,1,1 model,115
2730,1,1 model,180
2731,1,1 model,65
2732,1,3 models,75
2733,1,4 models,40
2733,2,7 models,70
2734,1,3 models,95
2735,1,3 models,95
2736,1,3 models,130
2737,1,5 models,120
2737,2,10 models,230
2738,1,1 model,100
2739,1,1 model,110
2740,1,1 model,85
2741,1,1 model,170
2742,1,1 model,170
2743,1,1 model,180
2744,1,1 model,150
2745,1,1 model,145
2746,1,5 models,70
2746,2,10 models,140
2748,1,3 models,120
2749,1,1 model,195
2750,1,1 model,45
2751,1,1 model,260
2752,1,1 model,275
2753,1,1 model,70
2755,1,1 model,100
2757,1,1 model,180
2758,1,1 model,180
2759,1,1 model,80
2760,1,1 model,70
2761,1,5 models,90
2761,2,10 models,180
2762,1,4 models (<ky>AGENTS OF THE IMPERIUM</ky> Detachment),75
2762,2,4 models (Assigned Agent),105
2763,1,1 model,40
2764,1,1 model,40
2765,1,1 model (<ky>AGENTS OF THE IMPERIUM</ky> Detachment),60
2765,2,1 model (Assigned Agent),75
2766,1,1 model,55
2767,1,6 models (<ky>AGENTS OF THE IMPERIUM</ky> Detachment),50
2767,2,12 models (<ky>AGENTS OF THE IMPERIUM</ky> Detachment),100
2767,3,6 models (Assigned Agent),60
2767,4,12 models (Assigned Agent),120
2768,1,1 model,95
2769,1,1 model,150
2771,1,2 models,85
2772,1,4 models,105
2773,1,1 model,50
2775,1,1 model,50
2776,1,5 models,90
2776,2,10 models,170
2779,1,10 models,180
2780,1,10 models,180
2781,1,10 models,250
2783,1,5 models,100
2783,2,10 models,190
2786,1,1 model,85
2787,1,1 model,160
2788,1,1 model,160
2789,1,1 model,160
2790,1,1 model,220
2791,1,1 model,180
2792,1,4 models,110
2793,1,1 model,60
2794,1,1 model,120
2795,1,1 model,90
2796,1,1 model,80
2798,1,4 models,105
2798,2,5 models,130
2798,3,9 models,235
2798,4,10 models,260
2799,1,"1 Sword Brother, 5 Initiates and 4 Neophytes",150
2799,2,"1 Sword Brother, 11 Initiates and 8 Neophytes",310
2801,1,1 model,140
2808,1,1 model,180
2809,1,1 model,140
2809,2,2 models,280
2810,1,1 model,140
2811,1,1 model,145
3582,1,10 models,180
3582,2,20 models,360
3583,1,5 models,105
3583,2,10 models,190
3584,1,5 models,95
3584,2,7 models,130
3584,3,10 models,190
3585,1,1 model,840
3586,1,1 model,150
3587,1,1 model,160
3588,1,1 model,840
3589,1,1 model,560
3590,1,1 model,425
3591,1,1 model,840
3592,1,1 model,90
3593,1,7 models,125
3594,1,1 model,115
3595,1,1 model,140
3596,1,16 models,85
3597,1,1 model,100
3598,1,1 model,115
3599,1,1 model,140
3600,1,1 model,80
3601,1,1 model,115
3602,1,1 model,140
3603,1,1 model,200
3604,1,1 model,200
3605,1,1 model,200
3606,1,1 model,200
3607,1,1 model,285
3608,1,1 model,285
3609,1,1 model,285
3610,1,1 model,285
3611,1,1 model,250
3612,1,1 model,250
3613,1,1 model,250
3614,1,1 model,250
3615,1,1 model,290
3616,1,1 model,290
3617,1,1 model,290
3618,1,1 model,290
3619,1,1 model,315
3620,1,1 model,315
3621,1,1 model,315
3622,1,1 model,315
3623,1,1 model,170
3624,1,1 model,170
3625,1,1 model,170
3626,1,1 model,170
3627,1,1 model,285
3628,1,1 model,285
3629,1,1 model,285
3630,1,1 model,285
3631,1,1 model,265
3632,1,1 model,265
3633,1,1 model,265
3634,1,1 model,265
3635,1,1 model,1100
3636,1,1 model,1100
3637,1,1 model,1100
3638,1,1 model,1100
3639,1,1 model,220
3640,1,1 model,220
3641,1,1 model,220
3642,1,1 model,220
3643,1,1 model,610
3644,1,1 model,610
3645,1,1 model,610
3646,1,1 model,610
3647,1,1 model,215
3648,1,1 model,215
3649,1,1 model,215
3650,1,1 model,215
3651,1,1 model,535
3652,1,1 model,535
3653,1,1 model,535
3654,1,1 model,535
3655,1,1 model,180
3656,1,1 model,180
3657,1,1 model,180
3658,1,1 model,180
3659,1,1 model,115
3660,1,1 model,115
3661,1,1 model,115
3662,1,1 model,115
3663,1,1 model,115
3664,1,1 model,115
3665,1,1 model,115
3666,1,1 model,115
3667,1,1 model,100
3668,1,1 model,100
3669,1,1 model,100
3670,1,1 model,100
3671,1,1 model,255
3672,1,1 model,255
3673,1,1 model,255
3674,1,1 model,255
3675,1,1 model,220
3676,1,1 model,220
3677,1,1 model,220
3678,1,1 model,220
3679,1,1 model,385
3680,1,1 model,385
3681,1,1 model,385
3682,1,1 model,385
3683,1,1 model,220
3684,1,1 model,220
3685,1,1 model,220
3686,1,1 model,220
3687,1,1 model,515
3688,1,1 model,515
3689,1,1 model,515
3690,1,1 model,515
3691,1,1 model,40
3692,1,1 model,40
3693,1,1 model,85
3694,1,1 model,55
3694,2,2 models,100
3694,3,3 models,150
3695,1,1 model,50
3696,1,1 model,120
3697,1,1 model,100
3698,1,3 models,90
3698,2,6 models,180
3699,1,3 models,140
3700,1,3 models,120
3701,1,3 models,110
3702,1,1 model,55
3703,1,1 model,50
3704,1,1 model,45
3705,1,1 model,80
3706,1,3 models,85
3706,2,6 models,170
3707,1,1 model,70
3709,1,1 model,70
3710,1,10 models,90
3711,1,1 model,80
3712,1,1 model,45
3713,1,10 models,50
3713,2,20 models,100
3714,1,1 model,75
3715,1,1 model,70
3716,1,5 models,70
3716,2,10 models,140
3811,1,1 model,45
3812,1,1 model,40
3813,1,5 models (<ky>AGENTS OF THE IMPERIUM</ky> Detachment),190
3813,2,5 models (Assigned Agent),210
3814,1,1 model,65
3815,1,1 model,95
3816,1,5 models,100
3816,2,10 models,190
3817,1,1 model,180
3818,1,10 models (<ky>AGENTS OF THE IMPERIUM</ky> Detachment),100
3818,2,10 models (Assigned Agent),115
3819,1,1 model (<ky>AGENTS OF THE IMPERIUM</ky> Detachment),100
3819,2,1 model (Assigned Agent),115
3820,1,1 model,70
3821,1,11 models,220
3822,1,5 models,210
3822,2,10 models,420
3823,1,3 models,70
3823,2,6 models,140
3824,1,5 models,160
3824,2,10 models,320
3825,1,5 models,100
3825,2,10 models,200
3826,1,5 models,120
3826,2,10 models,240
3827,1,5 models,90
3827,2,10 models,180
3828,1,1 model,40
3828,2,2 models,80
3829,1,1 model,30
3830,1,1 model,75
3831,1,1 model,80
3832,1,1 model,70
3833,1,1 model,75
3834,1,10 models,100
3835,1,1 model,145
3836,1,5 models,125
3836,2,10 models,250
3837,1,5 models,140
3837,2,10 models,280
3838,1,1 model,70
3839,1,1 model,65
3840,1,1 model,60
3841,1,1 model,35
3842,1,10 models,85
3843,1,10 models,95
3844,1,1 model,45
3845,1,5 models,90
3846,1,2 models,55
3847,1,1 model,65
3848,1,1 model,60
3849,1,10 models,50
3849,2,20 models,100
3850,1,10 models,50
3850,2,20 models,100
3851,1,8 models,90
3851,2,16 models,195
3852,1,10 models,70
3853,1,10 models,70
3854,1,7 models,125
3855,1,16 models,85
3856,1,4 models,55
3857,1,3 models,75
3858,1,4 models,40
3858,2,7 models,70
3859,1,3 models,95
3860,1,3 models,95
3861,1,6 models,140
3871,1,1 model,95
3872,1,1 model,65
3873,1,5 models,190
3873,2,10 models,350
3874,1,10 models,275
3875,1,11 models,220
3876,1,5 models,110
3876,2,10 models,190
3877,1,1 model,80
3878,1,1 model,80
3879,1,1 model,170
3880,1,1 model,65
3881,1,10 models,85
3881,2,20 models,170
3882,1,1 model,105
3883,1,1 model,60
3884,1,1 model,135
3885,1,1 model,70
3886,1,3 models,75
3886,2,6 models,150
3887,1,1 model,140
3888,1,3 models,70
3888,2,6 models,140
3889,1,6 models,65
3890,1,1 model,100
3891,1,5 models,65
3892,1,1 model,275
3893,1,5 models,60
3893,2,10 models,95
3894,1,3 models,65
3895,1,4 models,75
3896,1,1 model,95
3897,1,2 models,110
3898,1,5 models,60
3898,2,10 models,120
3909,1,1 model,120
3910,1,1 model,125
3911,1,1 model,75
3912,1,1 model,60
3913,1,1 model,420
3914,1,1 model,85
3915,1,1 model,45
3916,1,10 models,110
3917,1,10 models,90
3918,1,5 models,85
3918,2,10 models,170
3919,1,3 models,65
3919,2,3 models,120
3920,1,1 model,80
3921,1,1 model,70
3922,1,5 model,80
3923,1,1 model,90
3924,1,1 model,60
3925,1,1 model,115
3926,1,1 model,75
3927,1,1 model,80
3928,1,2 models,95
3928,2,4 models,190
3929,1,5 models,85
3929,2,6 models,100
3929,3,11 models,190
3929,4,12 models,205
3930,1,1 model,125
3931,1,5 models,65
3931,2,10 models,110
3932,1,5 models,80
3932,2,10 models,160
3933,1,3 models,105
3933,2,4 models,140
3933,3,6 models,210
3933,4,7 models,245
3934,1,5 models,125
3934,2,6 models,150
3934,3,10 models,250
3934,4,11 models,275
3935,1,5 models,125
3935,2,6 models,150
3935,3,10 models,250
3935,4,11 models,275
3937,1,1 model,40
3938,1,1 model,55
3939,1,5 models,65
3940,1,5 models,65
3941,1,6 models,65
3942,1,1 model,235
3943,1,1 model,60
3944,1,1 model,275
3945,1,1 model,35
3946,1,5 models,45
3947,1,5 model,80
3948,1,10 models,65
3948,2,20 models,120
3949,1,10 models,65
3949,2,20 models,120
3950,1,10 models,65
3950,2,20 models,145
3951,1,1 model,85
3952,1,1 model,75
3953,1,1 model,90
3954,1,1 model,90
3955,1,1 model,145
3956,1,1 model,110
3957,1,1 model,95
3958,1,1 model,95
3959,1,1 model,45
3959,2,2 models,90
3960,1,1 model,65
3960,2,2 models,130
3961,1,1 model,95
3962,1,5 models,60
3962,2,10 models,120
3963,1,1 model,450
3964,1,1 model,420
3965,1,1 model,450
3966,1,1 model,140
3967,1,3 models,65
3968,1,3 models,65
3969,1,5 models,60
3969,2,10 models,120
3970,1,1 model,145
3971,1,1 model,415
3972,1,2 models,110
3973,1,1 model,420
3974,1,1 model,125
3975,1,1 model,95
3976,1,10 models,110
3977,1,5 models,60
3977,2,10 models,95
3978,1,4 models,75
3979,1,1 model,185
3980,1,1 model,190
3981,1,1 model,170
3982,1,1 model,170
3983,1,1 model,180
3984,1,1 model,150
3985,1,1 model,145
3986,1,1 model,165
3987,1,1 model,250
3988,1,1 model,55
3988,2,2 models,110
3989,1,1 model,410
3990,1,1 model,430
3991,1,1 model,465
3992,1,1 model,110
3993,1,1 model,25
3994,1,1 model,480
3995,1,1 model,105
3996,1,1 model,80
3997,1,1 model,160
3998,1,1 model,40
3999,1,1 model,160
4000,1,1 model,180
4001,1,10 models,110
4002,1,1 model,325
4003,1,1 model,120
4004,1,1 model,85
4005,1,3 models,65
4006,1,1 model,275
4007,1,1 model,115
4008,1,1 model,110
4009,1,1 model,50
4010,1,1 model,50
4011,1,1 model,310
4012,1,1 model,310
4013,1,1 model,285
4014,1,1 model,310
4015,1,1 model,250
4016,1,1 model,270
4017,1,1 model,310
4018,1,1 model,235
4019,1,1 model,125
4020,1,1 model,225
4021,1,3 models,110
4022,1,4 models,35
4023,1,1 model,275
4024,1,1 model,35
4024,2,2 models,70
4024,3,3 models,105
4025,1,3 models,40
4026,1,1 model,80
4027,1,1 model,95
4028,1,1 model,55
4029,1,1 model,415
4030,1,1 model,180
4031,1,1 model,40
4031,2,2 models,80
4031,3,3 models,120
4032,1,1 model,50
4033,1,1 model,55
4034,1,1 model,80
4035,1,1 model,285
4036,1,1 model,90
4037,1,1 model,95
4038,1,1 model,80
4039,1,1 model,100
4040,1,1 model,115
4041,1,1 model,90
4042,1,1 model,100
4043,1,5 models,180
4043,2,10 models,360
4044,1,5 models,125
4044,2,10 models,250
4045,1,1 model,45
4046,1,5 models,90
4047,1,2 models,55
4048,1,1 model,65
4049,1,1 model,60
4050,1,10 models,50
4050,2,20 models,100
4051,1,10 models,50
4051,2,20 models,100
4052,1,8 models,90
4052,2,16 models,195
4053,1,10 models,70
4054,1,10 models,70
4055,1,7 models,125
4056,1,16 models,85
4057,1,4 models,55
4058,1,3 models,75
4059,1,4 models,40
4059,2,7 models,70
4060,1,3 models,95
4061,1,3 models,95
4062,1,3 models,65
4063,1,5 models,125
4064,1,5 models,90
4064,2,10 models,170
4065,1,1 model,60
4066,1,5 models,120
4066,2,10 models,240
4067,1,5 models,90
4067,2,10 models,170
4068,1,1 model,60
4069,1,1 model,80
4070,1,1 model,80
4071,1,1 model,85
4072,1,1 model,80
4073,1,5 models,125
4073,2,10 models,270
4074,1,9 models,100
4075,1,9 models,100
4076,1,8 models,85
4077,1,1 model,340
4078,1,1 model,80
4079,1,5 models,85
4079,2,10 models,170
4080,1,5 models,85
4080,2,10 models,160
4081,1,5 models,170
4082,1,1 model,220
4083,1,1 model,150
4084,1,1 model,70
4085,1,1 model,60
4086,1,1 model,195
4087,1,1 model,200
4088,1,6 models,145
4089,1,3 models,110
4089,2,6 models,220
4090,1,2 models,80
4091,1,1 model,130
4092,1,1 model,195
4093,1,1 model,80
4094,1,1 model,380
4095,1,10 models,90
4096,1,3 models,95
4096,2,6 models,190
4097,1,1 model,270
4098,1,5 models,80
4098,2,10 models,160
4099,1,6 models,145
4100,1,1 model,140
4101,1,1 model,105
4101,2,2 models,210
4102,1,1 model,65
4103,1,1 model,85
4104,1,1 model,305
4105,1,1 model,305
4106,1,10 models,90
4107,1,3 models,110
4107,2,6 models,220
4108,1,5 models,75
4108,2,10 models,150
4109,1,1 model,75
4110,1,1 model,120
4111,1,1 model,250
4112,1,1 model,250
4113,1,10 models,110
4114,1,3 models,115
4114,2,6 models,230
4115,1,1 model,65
4115,2,2 models,130
4116,1,3 models,40
4116,2,6 models,70
4117,1,5 models,165
4118,1,5 models,165
4119,1,9 models,60
4120,1,1 model,170
4121,1,2 models,80
4121,2,4 models,160
4122,1,3 models,60
4122,2,6 models,110
4123,1,1 model,260
4124,1,1 model,250
4125,1,3 models,65
4125,2,6 models,130
4126,1,3 models,80
4126,2,6 models,160
4127,1,10 models,115
4128,1,10 models,90
4129,1,1 model,70
4130,1,1 model,65
4131,1,3 Wolf Guard Headtakers,85
4131,2,3 Wolf Guard Headtakers and 3 Hunting Wolves,110
4131,3,6 Wolf Guard Headtakers,170
4131,4,6 Wolf Guard Headtakers and 6 Hunting Wolves,220
4132,1,5 models,100
4132,2,10 models,200
4133,1,1 model,145
4134,1,1 model,375
4135,1,1 model,70
4136,1,1 model,65
4137,1,5 models,85
4137,2,10 models,170
4138,1,5 models,175
4138,2,10 models,330
4139,1,1 model,220
4140,1,1 model,110
4141,1,1 model,45
4142,1,1 model,75
4143,1,3 models,90
4143,2,6 models,180
4144,1,3 models,90
4144,2,6 models,180
4145,1,2 models,110
4146,1,1 model,70
4146,2,2 models,140
4147,1,1 model,75
4148,1,1 model,85
4149,1,1 model,425