mini,base_mm2,cost
Warboss,40,75.0
Warboss In Mega Armour,50,80.0
Warboss On Warbike,100x40,75.0
Weirdboy,40,65.0
Big Mek In Mega Armour,40,90.0
Big Mek On Warbike,90x52,105.0
GHAZGHKULL THRAKA,80,235.0
MAKARI,25,235.0
Kaptin Badrukk,40,80.0
Boss Zagstruk,40,90.0
Boss Snikrot,40,75.0
Mek,32,45.0
Painboy,32,80.0
Painboy On Warbike,90x52,85.0
Mad Dok Grotsnik,32,65.0
BOY,32,80.0
BOY,32,170.0
BOSS NOB,32,80.0
BOSS NOB,32,170.0
GRETCHIN,25,40.0
GRETCHIN,25,80.0
RUNTHERD,32,40.0
RUNTHERD,32,80.0
Burna Boyz,32,60.0
Burna Boyz,32,120.0
TANKBUSTAS,32,140.0
Nobz,32,105.0
Nobz,32,210.0
Nob With Waaagh! Banner,32,70.0
Nobz On Warbikes,75x42,125.0
Meganobz,40,65.0
Meganobz,40,95.0
Meganobz,40,160.0
Meganobz,40,190.0
KOMMANDOS,32,120.0
BOSS NOB,32,120.0
Trukk,,70.0
STORMBOY,32,65.0
STORMBOY,32,130.0
BOSS NOB,32,65.0
BOSS NOB,32,130.0
Deffkoptas,75x42,80.0
Deffkoptas,75x42,160.0
Dakkajet,120x92,135.0
Burna-bommer,120x92,125.0
Blitza-bommer,120x92,115.0
Wazbom Blastajet,120x92,175.0
WARBIKER,75x42,65.0
WARBIKER,75x42,130.0
BOSS NOB ON WARBIKE,75x42,65.0
BOSS NOB ON WARBIKE,75x42,130.0
Wartrakks,,50.0
Wartrakks,,100.0
Skorchas,,45.0
Skorchas,,90.0
Warbuggies,,40.0
Warbuggies,,80.0
Big Gunz,,20.0
Big Gunz,,40.0
Mek Gunz,,50.0
Mek Gunz,,100.0
Mek Gunz,,150.0
Battlewagon,,160.0
Deff Dread,60,120.0
Killa Kans,60,125.0
Killa Kans,60,250.0
Morkanaut,170x109,280.0
Gorkanaut,170x109,265.0
Lootas,32,50.0
Lootas,32,100.0
Flash Gitz,40,80.0
Flash Gitz,40,160.0
Stompa,,800.0
Grot Tanks,,155.0
Grot Tanks,,310.0
Grot Mega-tank,,110.0
Squiggoth,,150.0
Meka-dread,,210.0
Lifta Wagon,,135.0
Big Trakk,,90.0
Kannonwagon,,115.0
Kill Tank,,295.0
Chinork Warkopta,120x92,105.0
Gargantuan Squiggoth,,440.0
Apothecary Biologis,40,70.0
Assault Squad,32,95.0
Assault Squad,32,190.0
Apothecary On Bike,75x25,65.0
Assault Squad With Jump Packs,32,115.0
Assault Squad With Jump Packs,32,230.0
Land Raider,,220.0
Land Raider Crusader,,220.0
Land Raider Excelsior,,310.0
Suppressor Squad,40,75.0
Tactical Squad,32,140.0
Bladeguard Veteran Squad,40,80.0
Bladeguard Veteran Squad,40,170.0
Caestus Assault Ram,120x92,215.0
Captain,40,80.0
Lieutenant With Combi-weapon,40,70.0
Librarian In Terminator Armour,40,75.0
Captain With Jump Pack,40,75.0
Stormhawk Interceptor,120x92,155.0
Rhino Primaris,,95.0
Firestrike Servo-turrets,80,75.0
Firestrike Servo-turrets,80,150.0
Drop Pod,,70.0
Ballistus Dreadnought,90,150.0
Sicaran Venator,,220.0
Typhon,,385.0
Chaplain On Bike,90x52,75.0
Ultramarines Honour Guard,32,155.0
Carab Culln The Risen,80,250.0
Hammerfall Bunker,,175.0
Tarantula Sentry Battery,,30.0
Tarantula Sentry Battery,,60.0
Tarantula Sentry Battery,,90.0
Tarantula Air Defence Battery,,70.0
Eradicator Squad,40,100.0
Eradicator Squad,40,200.0
Relic Terminator Squad,40,200.0
Relic Terminator Squad,40,400.0
Javelin Attack Speeder,60,110.0
Rapier Carrier,,100.0
Mortis Dreadnought,60,130.0
Chaplain With Jump Pack,32,75.0
Storm Eagle Gunship,120x92,255.0
Storm Speeder Hammerstrike,90,125.0
Chaplain In Terminator Armour,40,75.0
SPACE MARINE BIKE,75x25,80.0
SPACE MARINE BIKE,75x25,160.0
SPACE MARINE BIKE,75x25,55.0
ATTACK BIKE,,80.0
ATTACK BIKE,,160.0
ATTACK BIKE,,55.0
Dreadnought,60,135.0
Terminator Assault Squad,40,180.0
Terminator Assault Squad,40,360.0
Librarian In Phobos Armour,40,70.0
Venerable Dreadnought,60,165.0
Uriel Ventris,40,95.0
Dreadnought Drop Pod,,75.0
Sicaran Punisher,,220.0
Storm Speeder Hailstrike,90,115.0
Inceptor Squad,40,120.0
Inceptor Squad,40,240.0
Infernus Squad,32,90.0
Infernus Squad,32,180.0
Iron Father Feirros,40,95.0
Infiltrator Squad,32,100.0
Infiltrator Squad,32,200.0
Razorback,,95.0
Leviathan Dreadnought,80,215.0
Land Speeder Storm,60,70.0
Astartes Servitors,25,55.0
Captain In Terminator Armour,50,95.0
Brutalis Dreadnought,90,160.0
Scout Bike Squad,75x25,75.0
Scout Bike Squad,75x25,150.0
Roboute Guilliman,60,340.0
Thunderhawk Gunship,120x92,840.0
Techmarine,40,55.0
Hunter,,100.0
Vanguard Veteran Squad With Jump Packs,32,95.0
Vanguard Veteran Squad With Jump Packs,32,190.0
Imperial Space Marine,32,40.0
Commander Dante,50,120.0
Captain Tycho,25,75.0
Tycho The Lost,25,90.0
Librarian Dreadnought,60,170.0
Chief Librarian Mephiston,40,120.0
The Sanguinor,40,140.0
Astorath,40,95.0
Sanguinary Priest,40,75.0
Sanguinary Priest On Bike,75x25,135.0
Brother Corbulo,25,75.0
Lemartes,40,100.0
Sanguinary Guard,40,125.0
Sanguinary Guard,40,260.0
Death Company Dreadnought,90,160.0
Furioso Dreadnought,60,150.0
Baal Predator,,125.0
Gabriel Seth,25,90.0
Azrael,50,115.0
Belial,50,85.0
Asmodai,50,70.0
Ezekiel,25,75.0
Deathwing Terminator Squad,40,180.0
Deathwing Terminator Squad,40,360.0
Deathwing Knights,40,250.0
Ravenwing Darkshroud,60,100.0
Nephilim Jetfighter,120x92,195.0
Ravenwing Dark Talon,120x92,210.0
Ravenwing Black Knights,75x42,90.0
Ravenwing Black Knights,75x42,180.0
Land Speeder Vengeance,60,120.0
Fortress Of Redemption,,480.0
Logan Grimnar,80,110.0
Logan Grimnar On Stormrider,120x92,
Wolf Lord On Thunderwolf,60,
Ragnar Blackmane,40,100.0
Krom Dragongaze,32,
Harald Deathwolf,60,
Canis Wolfborn,60,
Njal Stormcaller,40,85.0
Ulrik The Slayer,32,70.0
Wolf Guard Battle Leader In Terminator Armour,40,
Wolf Guard Battle Leader On Thunderwolf,60,
Bjorn The Fell-handed,60,170.0
Blood Claws,32,135.0
Blood Claws,32,285.0
Lukas The Trickster,32,
Grey Hunters,32,180.0
Iron Priest,32,60.0
Iron Priest On Thunderwolf,60,95.0
Wolf Scouts,285,
Wulfen,40,85.0
Wulfen,40,170.0
Murderfang,60,160.0
Wolf Guard,32,
Arjac Rockfist,50,105.0
Wolf Guard Terminators,40,170.0
Wolf Guard Terminators,40,340.0
Stormwolf,120x92,
Thunderwolf Cavalry,60,115.0
Thunderwolf Cavalry,60,230.0
Fenrisian Wolves,40,40.0
Fenrisian Wolves,40,80.0
Skyclaws,32,
Stormfang Gunship,120x92,
Long Fangs,32,
Corvus Blackstar,120x92,180.0
Kaldor Draigo,40,
Grand Master Voldus,40,110.0
Grand Master,40,95.0
Brother-captain,40,90.0
Brother-captain Stern,40,
Brotherhood Champion,32,70.0
Castellan Crowe,40,90.0
Strike Squad,32,120.0
Strike Squad,32,240.0
Brotherhood Terminator Squad,40,160.0
Brotherhood Terminator Squad,40,200.0
Brotherhood Terminator Squad,40,320.0
Brotherhood Terminator Squad,40,400.0
Purifier Squad,32,125.0
Purifier Squad,32,250.0
Paladin Squad,40,180.0
Paladin Squad,40,225.0
Paladin Squad,40,360.0
Paladin Squad,40,450.0
Interceptor Squad,32,130.0
Interceptor Squad,32,260.0
Purgation Squad,32,125.0
Purgation Squad,32,250.0
Nemesis Dreadknight,120x92,210.0
Grey Knights Dreadnought,60,160.0
Land Raider,,220.0
Land Raider Crusader,,220.0
Land Raider Redeemer,,270.0
Razorback,,85.0
Rhino,,80.0
Servitors,25,
Stormraven Gunship,120x92,280.0
Brotherhood Techmarine,32,70.0
Venerable Dreadnought,60,140.0
Commander In Coldstar Battlesuit,60,95.0
Tactical Drones,32,70.0
Tactical Drones,32,140.0
Tactical Drones,32,210.0
Ethereal,40,50.0
Cadre Fireblade,25,50.0
Commander Farsight,60,85.0
Commander Shadowsun,50,100.0
Aun'shi,25,50.0
AUN'VA,40,65.0
ETHEREAL GUARD,25,65.0
Darkstrider,32,60.0
Strike Team,25,75.0
Breacher Team,25,100.0
Kroot Carnivores,285,65.0
Kroot Carnivores,285,140.0
Krootox Riders,50,40.0
Krootox Riders,50,60.0
Krootox Riders,50,90.0
Kroot Hounds,285,40.0
Kroot Hounds,285,80.0
Stealth Battlesuits,32,80.0
Stealth Battlesuits,32,120.0
Crisis Battlesuits,50,200.0
Crisis Battlesuits,50,400.0
Ghostkeel Battlesuit,105x70,160.0
Riptide Battlesuit,120x92,190.0
Pathfinder Team,25,90.0
Piranha,60,60.0
Piranha,60,120.0
Piranha,60,180.0
Devilfish,60,85.0
Razorshark Strike Fighter,120x92,170.0
Sun Shark Bomber,120x92,160.0
Vespid Stingwings,285,65.0
Vespid Stingwings,285,130.0
Firesight Team,40,60.0
Sky Ray Gunship,60,140.0
Longstrike,60,140.0
Hammerhead Gunship,60,145.0
Broadside Battlesuits,60,80.0
Broadside Battlesuits,60,170.0
Broadside Battlesuits,60,270.0
Stormsurge,170x109,400.0
Tidewall Droneport,,85.0
Tidewall Shieldline,,85.0
Tidewall Shieldline,,20.0
Tidewall Gunrig,,90.0
Shas'o R'alai,65,80.0
Xv9 Hazard Battlesuits,60,55.0
Xv9 Hazard Battlesuits,60,110.0
Y'vahra Battlesuit,120x92,210.0
R'varna Battlesuit,120x92,200.0
Ta'unar Supremacy Armour,160,790.0
Tetras,60,80.0
Tetras,60,160.0
Tx42 Piranha,60,60.0
Heavy Gun Drones,32,45.0
Remora Stealth Drones,60,160.0
Barracuda,120x92,220.0
Tiger Shark,160,325.0
Ax-1-0 Tiger Shark,160,315.0
Orca Dropship,,275.0
Manta,,2100.0
Remote Sensor Tower,,50.0
Drone Sentry Turret,,50.0
Hive Tyrant,60,195.0
The Swarmlord,60,220.0
Old One Eye,105x70,150.0
Broodlord,75x42,80.0
Tervigon,120x92,160.0
Genestealers,32,75.0
Genestealers,32,140.0
Termagants,285,60.0
Termagants,285,120.0
Hormagaunts,285,65.0
Hormagaunts,285,130.0
Ripper Swarms,40,25.0
Ripper Swarms,40,40.0
Ripper Swarms,40,50.0
Tyrant Guard,50,80.0
Tyrant Guard,50,160.0
Hive Guard,50,90.0
Hive Guard,50,180.0
Lictor,50,60.0
Maleceptor,120x92,170.0
Zoanthropes,40,100.0
Zoanthropes,40,200.0
Venomthropes,40,70.0
Venomthropes,40,140.0
Pyrovores,80,40.0
Pyrovores,80,70.0
Pyrovores,80,105.0
Haruspex,120x92,125.0
Deathleaper,60,80.0
Raveners,40,75.0
Raveners,40,150.0
Sky-slasher Swarms,40,60.0
Gargoyles,32,85.0
Gargoyles,32,170.0
Harpy,120x92,215.0
Hive Crone,120x92,200.0
Mucolid Spores,40,30.0
Mucolid Spores,40,60.0
Spore Mines,25,55.0
Spore Mines,25,110.0
Tyrannocyte,100,105.0
Carnifexes,105x70,115.0
Carnifexes,105x70,230.0
Biovores,80,50.0
Biovores,80,100.0
Biovores,80,150.0
Trygon,120x92,140.0
Mawloc,120x92,135.0
Exocrine,120x92,140.0
Tyrannofex,120x92,200.0
Toxicrene,120x92,150.0
Sporocyst,100,145.0
Malanthrope,60,75.0
Dimachaeron,120x92,200.0
Barbed Hierodule,127,340.0
Harridan,120x92,610.0
Hierophant,,810.0
Scythed Hierodule,127,330.0
Patriarch,50,75.0
Magus,32,50.0
Primus,32,70.0
Acolyte Iconward,32,50.0
Acolyte Hybrids,32,65.0
Acolyte Hybrids,32,130.0
Neophyte Hybrids,25,65.0
Neophyte Hybrids,25,145.0
Hybrid Metamorphs,32,70.0
Hybrid Metamorphs,32,140.0
Aberrants,32,135.0
Aberrants,32,300.0
Purestrain Genestealers,32,75.0
Purestrain Genestealers,32,140.0
Goliath Truck,,85.0
Goliath Rockgrinder,,120.0
Imotekh The Stormlord,40,100.0
Overlord,40,85.0
Lord,32,65.0
Nemesor Zahndrekh,25,85.0
Vargard Obyron,25,85.0
Orikan The Diviner,40,80.0
Anrakyr The Traveller,25,95.0
Trazyn The Infinite,25,75.0
Catacomb Command Barge,,120.0
Necron Warriors,32,90.0
Necron Warriors,32,200.0
Immortals,32,70.0
Immortals,32,150.0
Lychguard,32,85.0
Lychguard,32,170.0
Deathmarks,32,60.0
Deathmarks,32,120.0
Flayed Ones,285,60.0
Flayed Ones,285,120.0
Triarch Praetorians,32,90.0
Triarch Praetorians,32,180.0
Triarch Stalker,,110.0
C'tan Shard of the Nightbringer,90,305.0
C'tan Shard of the Deceiver,40,265.0
Ghost Ark,60,115.0
Night Scythe,120x92,145.0
Doom Scythe,120x92,230.0
Canoptek Wraiths,50,110.0
Canoptek Wraiths,50,220.0
Tomb Blades,32,75.0
Tomb Blades,32,150.0
Canoptek Spyders,60,75.0
Canoptek Spyders,60,150.0
Monolith,160,400.0
Annihilation Barge,,105.0
Doomsday Ark,60,200.0
Transcendent C'tan,60,295.0
Tesseract Vault,120x92,425.0
Obelisk,120x92,300.0
Canoptek Tomb Stalker,120x92,130.0
Canoptek Acanthrites,40,85.0
Canoptek Acanthrites,40,170.0
Canoptek Tomb Sentinel,120x92,115.0
Night Shroud,120x92,140.0
Sentry Pylon,,120.0
Tesseract Ark,60,130.0
Gauss Pylon,,210.0
Eldrad Ulthran,32,110.0
Prince Yriel,40,100.0
Illic Nightspear,25,70.0
Asurmen,40,125.0
Jain Zar,40,105.0
Karandras,25,90.0
Fuegan,40,120.0
Baharroth,40,115.0
Maugan Ra,40,100.0
Autarch,32,85.0
Autarch Skyrunner,32,90.0
Avatar of Khaine,80,280.0
Farseer,25,70.0
Farseer Skyrunner,32,80.0
Warlock Conclave,32,55.0
Warlock Conclave,32,130.0
Warlock,32,45.0
Warlock Skyrunner,32,45.0
Warlock Skyrunner,32,90.0
Spiritseer,25,65.0
GUARDIAN DEFENDER,285,100.0
HEAVY WEAPON PLATFORM,40,100.0
STORM GUARDIAN,285,100.0
SERPENT'S SCALE PLATFORM,40,100.0
Windriders,32,80.0
Windriders,32,160.0
Rangers,285,55.0
Rangers,285,110.0
DIRE AVENGER,285,75.0
DIRE AVENGER,285,150.0
DIRE AVENGER EXARCH,285,75.0
DIRE AVENGER EXARCH,285,150.0
HOWLING BANSHEE,285,95.0
HOWLING BANSHEE,285,190.0
HOWLING BANSHEE EXARCH,285,95.0
HOWLING BANSHEE EXARCH,285,190.0
STRIKING SCORPION,285,85.0
STRIKING SCORPION,285,150.0
STRIKING SCORPION EXARCH,285,85.0
STRIKING SCORPION EXARCH,285,150.0
FIRE DRAGON,285,120.0
FIRE DRAGON,285,220.0
FIRE DRAGON EXARCH,285,120.0
FIRE DRAGON EXARCH,285,220.0
Wraithguard,40,170.0
Wraithblades,40,160.0
Wave Serpent,60,125.0
SWOOPING HAWK,32,85.0
SWOOPING HAWK,32,190.0
SWOOPING HAWK EXARCH,32,85.0
SWOOPING HAWK EXARCH,32,190.0
WARP SPIDER,285,95.0
WARP SPIDER,285,190.0
WARP SPIDER EXARCH,285,95.0
WARP SPIDER EXARCH,285,190.0
SHINING SPEAR,60,110.0
SHINING SPEAR,60,220.0
SHINING SPEAR EXARCH,60,110.0
SHINING SPEAR EXARCH,60,220.0
Crimson Hunter,120x92,160.0
Vypers,105x70,65.0
Vypers,105x70,130.0
Hemlock Wraithfighter,120x92,155.0
DARK REAPER,285,90.0
DARK REAPER,285,195.0
DARK REAPER EXARCH,285,90.0
DARK REAPER EXARCH,285,195.0
Falcon,60,130.0
Fire Prism,60,150.0
Night Spinner,60,190.0
War Walkers,60,85.0
War Walkers,60,170.0
Wraithlord,60,140.0
Wraithknight,120x92,435.0
SHADOW SPECTRE,25,115.0
SHADOW SPECTRE,25,230.0
SHADOW SPECTRE,25,30.0
SHADOW SPECTRE EXARCH,25,115.0
SHADOW SPECTRE EXARCH,25,230.0
SHADOW SPECTRE EXARCH,25,30.0
Wasp Assault Walker,60,95.0
Wraithseer,60,160.0
Hornet,60,100.0
Warp Hunter,,145.0
Lynx,,180.0
Scorpion,,410.0
Cobra,,415.0
Nightwing,120x92,150.0
Phoenix,120x92,175.0
Vampire Raider,170x109,430.0
Vampire Hunter,170x109,460.0
Skathach Wraithknight,120x92,490.0
Revenant Titan,,1100.0
Corsair Cloud Dancer Band,32,105.0
Corsair Cloud Dancer Band,32,140.0
Corsair Cloud Dancer Band,32,210.0
Corsair Cloud Dancer Band,32,245.0
Irillyth,25,105.0
Phantom Titan,,2100.0
Corsair Reaver Band,25,125.0
Corsair Reaver Band,25,150.0
Corsair Reaver Band,25,250.0
Corsair Reaver Band,25,275.0
Corsair Skyreaver Band,25,125.0
Corsair Skyreaver Band,25,150.0
Corsair Skyreaver Band,25,250.0
Corsair Skyreaver Band,25,275.0
Archon,32,85.0
Succubus,25,45.0
Lelith Hesperax,32,95.0
Haemonculus,25,60.0
Urien Rakarth,25,80.0
Drazhar,40,85.0
Kabalite Warriors,25,100.0
Wyches,25,80.0
INCUBI,285,85.0
INCUBI,285,170.0
KLAIVEX,285,85.0
KLAIVEX,285,170.0
Mandrakes,285,65.0
Mandrakes,285,120.0
Wracks,25,55.0
Wracks,25,110.0
Grotesques,40,80.0
Grotesques,40,170.0
BEASTMASTER,32,120.0
CLAWED FIEND,40,120.0
KHYMERAE,40,120.0
RAZORWING FLOCK,40,120.0
Raider,60,75.0
Venom,60,65.0
Reavers,32,65.0
Reavers,32,120.0
Hellions,32,75.0
Hellions,32,150.0
Razorwing Jetfighter,120x92,170.0
Voidraven Bomber,120x92,235.0
Scourges,32,130.0
Scourges,32,180.0
Talos,60,80.0
Talos,60,160.0
Cronos,60,50.0
Cronos,60,85.0
Ravager,60,100.0
Reaper,,95.0
Tantalus,,230.0
Leman Russ Commander,,235.0
Heavy Weapons Squad,50,65.0
Scout Sentinels,80,55.0
Scout Sentinels,80,110.0
Armoured Sentinels,80,65.0
Armoured Sentinels,80,130.0
Chimera,,85.0
Taurox,,75.0
Hellhound,,125.0
Basilisk,,140.0
Hydra,,95.0
Wyvern,,110.0
Manticore,,165.0
Deathstrike,,145.0
Leman Russ Battle Tank,,185.0
Leman Russ Demolisher,,190.0
Baneblade,,450.0
Banehammer,,420.0
Banesword,,450.0
Doomhammer,,415.0
Hellhammer,,420.0
Shadowsword,,410.0
Stormlord,,430.0
Stormsword,,465.0
‘Iron Hand' Straken,25,55.0
Sergeant Harker,25,40.0
Commissar,285,30.0
TEMPESTUS SCION,25,85.0
TEMPESTOR PRIME,25,85.0
Taurox Prime,,90.0
Ogryn Squad,40,60.0
Ogryn Squad,40,130.0
Bullgryn Squad,40,100.0
Bullgryn Squad,40,200.0
Ratlings,25,60.0
Ratlings,25,100.0
Nork Deddog,40,60.0
Valkyrie,120x92,190.0
Atlas Recovery Vehicle,,80.0
Salamander Command Vehicle,,80.0
Hades Breaching Drill,,110.0
Centaur Light Carrier,,40.0
Trojan Support Vehicle,,80.0
Salamander Scout Vehicle,,95.0
Tauros Assault Vehicle,,50.0
Tauros Venator,,55.0
Armageddon-pattern Medusa,,105.0
Colossus,,160.0
Cyclops Demolition Vehicle,,25.0
Earthshaker Carriage Battery,,120.0
Griffon Mortar Carrier,,115.0
Heavy Mortar Team,,50.0
Heavy Quad Launcher Team,,50.0
Hydra Platform,,95.0
Malcador Annihilator,,270.0
Malcador Defender,,310.0
Malcador,,250.0
Malcador Infernus,,235.0
Manticore Platform,,95.0
Medusa Carriage Battery,,125.0
Rapier Laser Destroyer Battery,,35.0
Rapier Laser Destroyer Battery,,70.0
Rapier Laser Destroyer Battery,,105.0
Sabre Weapons Battery,,45.0
Sabre Weapons Battery,,90.0
Sentinel Powerlifter,,55.0
Stygies Destroyer Tank Hunter,,180.0
Tarantula Battery,,40.0
Tarantula Battery,,80.0
Tarantula Battery,,120.0
Stormblade,,415.0
Arkurian Stormhammer,,480.0
Crassus,,180.0
Dominus Armoured Siege Bombard,,325.0
Gorgon Heavy Transport,,275.0
Macharius,,310.0
Macharius Omega,,310.0
Macharius Vanquisher,,285.0
Macharius Vulcan,,310.0
Marauder Bomber,,345.0
Marauder Destroyer,,375.0
Minotaur,,225.0
Praetor,,275.0
Valdor,,285.0
Aquila Lander,120x92,120.0
Arvus Lighter,120x92,95.0
Avenger Strike Fighter,120x92,130.0
Voss-pattern Lightning,120x92,130.0
Vendetta Gunship,120x92,255.0
Vulture Gunship,120x92,225.0
Imperial Fortress Walls,,
Primaris Redoubt,,220.0
Belisarius Cawl,105x70,175.0
Tech-priest Dominus,50,65.0
Tech-priest Enginseer,32,55.0
Kataphron Breachers,60,160.0
Kataphron Breachers,60,320.0
Kataphron Destroyers,60,105.0
Kataphron Destroyers,60,210.0
Fulgurite Electro-priests,32,70.0
Fulgurite Electro-priests,32,140.0
Corpuscarii Electro-priests,32,65.0
Corpuscarii Electro-priests,32,130.0
Kastelan Robots,60,180.0
Kastelan Robots,60,360.0
Cybernetica Datasmith,32,35.0
Servitors,25,50.0
Skitarii Rangers,25,85.0
Skitarii Vanguard,25,95.0
Sicarian Infiltrators,40,70.0
Sicarian Infiltrators,40,140.0
Sicarian Ruststalkers,40,75.0
Sicarian Ruststalkers,40,150.0
Ironstrider Ballistarii,105x70,75.0
Ironstrider Ballistarii,105x70,150.0
Ironstrider Ballistarii,105x70,225.0
Sydonian Dragoons,105x70,65.0
Sydonian Dragoons,105x70,130.0
Sydonian Dragoons,105x70,195.0
Onager Dunecrawler,130,155.0
Knight Paladin,170x109,375.0
Knight Errant,170x109,375.0
Knight Warden,170x109,385.0
Knight Gallant,170x109,375.0
Knight Crusader,170x109,395.0
Acastus Knight Porphyrion,,700.0
Cerastus Knight Acheron,170x109,395.0
Cerastus Knight Atrapos,170x109,405.0
Cerastus Knight Castigator,170x109,395.0
Cerastus Knight Lancer,170x109,395.0
Questoris Knight Magaera,170x109,385.0
Questoris Knight Styrix,170x109,385.0
Warhound Titan,,1100.0
Reaver Titan,,2200.0
Warlord Titan,,3500.0
Vindicare Assassin,32,110.0
Vindicare Assassin,32,125.0
Callidus Assassin,32,100.0
Eversor Assassin,32,110.0
Eversor Assassin,32,120.0
Culexus Assassin,32,85.0
Inquisitor Greyfax,32,65.0
Inquisitor Karamazov,60,140.0
Inquisitor Coteaz,40,75.0
Inquisitor Coteaz,40,95.0
Inquisitor,32,55.0
Custodian Guard,40,160.0
Custodian Guard,40,200.0
Venerable Contemptor Dreadnought,60,170.0
Venerable Land Raider,,220.0
Primaris Psyker,32,60.0
Crusaders,25,40.0
Crusaders,25,80.0
Death Cult Assassins,25,55.0
Death Cult Assassins,25,110.0
Arco-flagellants,25,45.0
Arco-flagellants,25,140.0
Penitent Engines,50,75.0
Penitent Engines,50,150.0
CELESTINE,40,150.0
GEMINAE SUPERIA,32,150.0
Canoness,32,50.0
Imagifier,32,65.0
Hospitaller,50,50.0
Dialogus,40,40.0
Battle Sisters Squad,32,105.0
Seraphim Squad,32,80.0
Seraphim Squad,32,160.0
REPENTIA SUPERIOR,32,75.0
REPENTIA SUPERIOR,32,160.0
SISTERS REPENTIA,285,75.0
SISTERS REPENTIA,285,160.0
Retributor Squad,32,105.0
Dominion Squad,32,115.0
Sororitas Rhino,,75.0
Immolator,,115.0
Exorcist,,210.0
Bastion,,275.0
Vengeance Weapon Battery,,140.0
Firestorm Redoubt,,260.0
Plasma Obliterator,,225.0
Macro-cannon Aquila Strongpoint,,550.0
Vortex Missile Strongpoint,,525.0
Void Shield Generator,,155.0
Skyshield Landing Pad,,125.0
Abaddon The Despoiler,60,270.0
Huron Blackheart,50,80.0
Cypher,32,90.0
FABIUS BILE,40,85.0
SURGEON ACOLYTE,32,85.0
Chaos Lord,40,90.0
Chaos Lord In Terminator Armour,40,95.0
Chaos Lord On Bike,75x25,95.0
Chaos Lord On Juggernaut,90x52,115.0
Chaos Lord On Disc Of Tzeentch,40,100.0
Chaos Lord On Palanquin Of Nurgle,60,90.0
Chaos Lord On Steed Of Slaanesh,,100.0
DARK APOSTLE,40,65.0
DARK DISCIPLE,25,65.0
Heretic Astartes Daemon Prince,60,165.0
Sorcerer,40,60.0
Sorcerer In Terminator Armour,40,80.0
Sorcerer On Bike,75x25,75.0
Sorcerer On Disc Of Tzeentch,40,80.0
Sorcerer On Palanquin Of Nurgle,60,80.0
Sorcerer On Steed Of Slaanesh,,85.0
Warpsmith,60x355,70.0
Cultist Mob,25,50.0
Cultist Mob,25,100.0
Chaos Terminator Squad,40,180.0
Chaos Terminator Squad,40,360.0
Chosen,32,125.0
Chosen,32,250.0
Possessed,40,120.0
Possessed,40,240.0
Helbrute,60,130.0
Mutilators,40,185.0
Chaos Rhino,,75.0
Chaos Bikers,75x42,70.0
Chaos Bikers,75x42,130.0
Raptors,32,90.0
Raptors,32,170.0
Warp Talons,32,125.0
Warp Talons,32,270.0
Chaos Spawn,50,70.0
Heldrake,120x92,205.0
Chaos Land Raider,,220.0
Chaos Predator Destructor,,140.0
Chaos Vindicator,,185.0
Obliterators,50,160.0
Havocs,40,125.0
Forgefiend,120x92,180.0
Maulerfiend,120x92,130.0
Defiler,160,190.0
Khorne Lord Of Skulls,,450.0
Sorcerer,32,85.0
Sorcerer In Terminator Armour,40,85.0
Rubric Marine,32,105.0
Rubric Marine,32,190.0
Aspiring Sorcerer,32,105.0
Aspiring Sorcerer,32,190.0
Helbrute,60,110.0
Chaos Rhino,,90.0
Chaos Spawn,50,65.0
Heldrake,120x92,215.0
Chaos Land Raider,,220.0
Chaos Predator Destructor,,140.0
Chaos Vindicator,,185.0
Forgefiend,120x92,140.0
Maulerfiend,120x92,130.0
Defiler,160,165.0
Magnus The Red,100,435.0
Ahriman,40,100.0
Exalted Sorcerer,32,80.0
Tzaangors,32,70.0
Tzaangors,32,160.0
Scarab Occult Terminator,40,180.0
Scarab Occult Terminator,40,360.0
Scarab Occult Sorcerer,40,180.0
Scarab Occult Sorcerer,40,360.0
Daemon Prince of Tzeentch,60,180.0
Death Guard Chaos Lord,40,
Death Guard Chaos Lord In Terminator Armour,40,
Death Guard Sorcerer In Terminator Armour,40,
Death Guard Cultists,25,
Plague Marines,32,95.0
Plague Marines,32,130.0
Plague Marines,32,190.0
Death Guard Possessed,32,155.0
Death Guard Possessed,32,310.0
Helbrute,60,115.0
Chaos Rhino,,85.0
Chaos Spawn,50,80.0
Chaos Land Raider,,240.0
Chaos Predator Annihilator,,135.0
Daemon Prince of Nurgle,60,195.0
Typhus,50,100.0
Lord of Contagion,40,120.0
Malignant Plaguecaster,32,60.0
Poxwalkers,25,65.0
Poxwalkers,25,130.0
Foetid Bloat-drone,60,100.0
Noxious Blightbringer,40,50.0
Chaos Cerastus Knight Acheron,170x109,385.0
Chaos Cerastus Knight Lancer,170x109,385.0
Chaos Cerastus Knight Castigator,170x109,385.0
Chaos Cerastus Knight Atrapos,170x109,395.0
Chaos Questoris Knight Magaera,120x92,375.0
Chaos Acastus Knight Porphyrion,,700.0
Chaos Questoris Knight Styrix,120x92,375.0
Karanak,75x42,75.0
Skarbrand,100,305.0
Skulltaker,40,85.0
Rendmaster On Blood Throne,120x92,165.0
Flesh Hounds,60x355,75.0
Flesh Hounds,60x355,150.0
Bloodletters,32,110.0
Bloodcrushers,90x52,110.0
Bloodcrushers,90x52,220.0
Skull Cannon,120x92,95.0
Kairos Fateweaver,100,270.0
The Changeling,40,90.0
The Blue Scribes,60,75.0
Lord of Change,100,260.0
Flamers,32,65.0
Flamers,32,130.0
Exalted Flamer,75x42,65.0
Screamers,32,80.0
Screamers,32,160.0
Burning Chariot,120x92,115.0
Epidemius,60,80.0
Great Unclean One,130,250.0
Plaguebearers,32,110.0
Nurglings,40,40.0
Nurglings,40,70.0
Beasts Of Nurgle,60,65.0
Beasts Of Nurgle,60,130.0
Plague Drones,60,110.0
Plague Drones,60,220.0
The Masque Of Slaanesh,32,95.0
Keeper Of Secrets,100,270.0
Tranceweaver,32,60.0
Herald Of Slaanesh On Steed Of Slaanesh,60x355,70.0
Tormentbringer On Exalted Seeker Chariot,120x92,140.0
Daemonettes,25,100.0
Fiends,75x42,95.0
Fiends,75x42,190.0
Hellflayer,120x92,80.0
Hellflayer,120x92,160.0
Seekers,60x355,80.0
Seekers,60x355,160.0
Seeker Chariot,120x92,65.0
Seeker Chariot,120x92,130.0
Exalted Seeker Chariot,120x92,115.0
Be'lakor,100,375.0
Daemon Prince of Chaos,60,190.0
Furies,25,40.0
Furies,25,80.0
Soul Grinder,160,180.0
Cerberus,,285.0
Vanguard Veteran Squad,32,120.0
Vanguard Veteran Squad,32,240.0
Invictor Tactical Warsuit,90,125.0
Intercessor Squad,32,80.0
Intercessor Squad,32,160.0
Invader Atv,,60.0
Incursor Squad,32,80.0
Incursor Squad,32,160.0
Scout Squad,285,70.0
Scout Squad,285,140.0
Sicaran Arcus,,200.0
Sergeant Telion,25,70.0
Sicaran Omega,,235.0
Thunderfire Cannon,,90.0
Bladeguard Ancient,40,45.0
Company Veterans On Bikes,75x25,110.0
Company Veterans On Bikes,75x25,275.0
Company Champion On Bike,75x25,60.0
Land Speeder Tempest,60,95.0
Land Speeder Tornado,60,95.0
Captain In Gravis Armour,40,80.0
Chaplain,40,60.0
Kratos,,265.0
Heavy Intercessor Squad,40,100.0
Heavy Intercessor Squad,40,200.0
Vindicator Laser Destroyer,,175.0
Sokar-pattern Stormbird,,1100.0
Ancient On Bike,75x25,90.0
Terminator Squad,40,170.0
Terminator Squad,40,340.0
Terminus Ultra,,285.0
Sicaran Battle Tank,,220.0
Vindicator,,185.0
Mastodon,,610.0
Stormtalon Gunship,120x92,165.0
Stormraven Gunship,120x92,280.0
Chaplain Venerable Dreadnought,60,150.0
Centurion Devastator Squad,50,165.0
Centurion Devastator Squad,50,330.0
Grey Knights Thunderhawk Gunship,,805.0
Repressor,,130.0
Valkyrie Sky Talon,120x92,185.0
Blood Slaughterer,,160.0
Greater Blight Drone,60,150.0
Decimator,60,170.0
Kytan Ravager,170x109,425.0
Greater Brass Scorpion,,560.0
Chaos Deimos Predator,,115.0
Dreadclaw Drop Pod,120x92,115.0
Kharybdis Assault Claw,120x92,325.0
Hell Blade,120x92,115.0
Hell Talon,120x92,140.0
Chaos Thunderhawk,120x92,840.0
An'ggrath The Unbound,130,415.0
Zarakynel,105x70,320.0
Aetaos'rau'keres,130,315.0
Plague Toads,60,120.0
Pox Riders,60,160.0
Spined Chaos Beast,,145.0
Giant Chaos Spawn,100,130.0
Scabeiathrax The Bloated,,275.0
Librarian With Jump Pack,25,75.0
Lieutenant In Reiver Armour,40,55.0
Lieutenant,40,65.0
Land Raider Prometheus,,275.0
Librarian On Bike,75x25,80.0
Exalted Champion,40,70.0
Grand Master In Nemesis Dreadknight,120x92,225.0
Brotherhood Librarian,40,80.0
Brotherhood Chaplain,40,65.0
Stormhawk Interceptor,120x92,160.0
Stormtalon Gunship,120x92,170.0
Foul Blightspawn,40,75.0
Biologus Putrifier,40,60.0
Plague Surgeon,40,50.0
Tallyman,40,50.0
Deathshroud Terminators,40,160.0
Deathshroud Terminators,40,320.0
Blightlord Terminators,40,115.0
Blightlord Terminators,40,185.0
Blightlord Terminators,40,370.0
Myphitic Blight-haulers,80,100.0
Myphitic Blight-haulers,80,200.0
Plagueburst Crawler,,210.0
Mortarion,100,380.0
Mukaali Riders,40,110.0
Grot Bomm Launcha,,50.0
Attack Fighta,120x92,100.0
Fighta-bommer,120x92,100.0
Deff Rolla Battle Fortress,,250.0
Kill Krusha,,230.0
Raven Strike Fighter,120x92,130.0
Knarloc Riders,65,110.0
Great Knarloc,65,100.0
Firestorm,60,115.0
Ministorum Priest,32,35.0
Tech-Priest Enginseer,32,45.0
Munitorum Servitors,25,35.0
Ogryn Bodyguard,40,40.0
Bonesinger,25,45.0
Sly Marbo,32,55.0
Ravenwing Talonmaster,65,105.0
Trajann Valoris,40,140.0
Shield-captain,40,120.0
Shield-captain In Allarus Terminator Armour,40,130.0
Shield-captain On Dawneagle Jetbike,75x42,150.0
Custodian Wardens,40,210.0
Custodian Wardens,40,260.0
Allarus Custodians,40,120.0
Allarus Custodians,40,180.0
Allarus Custodians,40,300.0
Allarus Custodians,40,360.0
Vertus Praetors,75x42,150.0
Vertus Praetors,75x42,225.0
Bloodmaster,40,65.0
Skullmaster,60,100.0
Contemptor-achillus Dreadnought,60,155.0
Caladius Grav-tank,170x109,215.0
Coronus Grav-carrier,,200.0
Changecaster,32,60.0
Fateskimmer,120x92,95.0
Fluxmaster,60,60.0
Rotigus,130,250.0
Horticulous Slimux,105x70,120.0
Poxbringer,32,55.0
Sloppity Bilepiper,32,55.0
Spoilpox Scrivener,40,60.0
Feculent Gnarlmaw,,100.0
Tzaangor Shaman,40,60.0
Tzaangor Enlightened,40,55.0
Tzaangor Enlightened,40,90.0
Mutalith Vortex Beast,120x92,175.0
Commander In Crisis Battlesuit,50,80.0
Commander In Enforcer Battlesuit,60,80.0
Telemon Heavy Dreadnought,100,225.0
Armiger Helverin,100,140.0
Armiger Warglaive,100,140.0
Knight Preceptor,170x109,365.0
Canis Rex,170x109,415.0
Knight Castellan,170x109,410.0
Knight Valiant,170x109,410.0
Scout Sniper Squad,25,75.0
Scout Sniper Squad,25,150.0
Sergeant Chronus,25,75.0
Secutarii Hoplites,25,65.0
Secutarii Hoplites,25,130.0
Secutarii Peltasts,25,50.0
Secutarii Peltasts,25,100.0
Techmarine On Bike,75x25,110.0
Terrax-pattern Termite,,200.0
Big Mek With Shokk Attack Gun,40,80.0
Deffkilla Wartrike,150x95,80.0
Kustom Boosta-blasta,150x95,70.0
Shokkjump Dragsta,150x95,70.0
Boomdakka Snazzwagon,150x95,70.0
Megatrakk Scrapjet,150x95,75.0
Rukkatrukk Squigbuggy,150x95,95.0
Abominant,40,85.0
Preacher,32,50.0
Haarken Worldclaimer,40,90.0
Contemptor-galatus Dreadnought,60,165.0
Aquilon Custodians,50,195.0
Aquilon Custodians,50,390.0
Custodian Guard With Adrasite And Pyrithite Spears,40,250.0
Agamatus Custodians,60,225.0
Agamatus Custodians,60,450.0
Venatari Custodians,40,165.0
Venatari Custodians,40,330.0
Pallas Grav-attack,105x70,105.0
Sagittarum Custodians,40,225.0
Orion Assault Dropship,160,690.0
Jackal Alphus,60x355,55.0
Clamavus,32,50.0
Locus,32,45.0
Sanctus,32,50.0
Kelermorph,32,60.0
Nexos,40,60.0
Biophagus,25,50.0
Achilles Ridgerunners,120x92,95.0
Achilles Ridgerunners,120x92,170.0
ATALAN JACKAL,60x355,85.0
ATALAN JACKAL,60x355,150.0
ATALAN WOLFQUAD,60,85.0
ATALAN WOLFQUAD,60,150.0
Tectonic Fragdrill,,125.0
Seraptek Heavy Construct,,540.0
Inquisitor Eisenhorn,32,65.0
Tech-priest Manipulus,50,60.0
Master Of Possession,40,60.0
Lord Discordant On Helstalker,120x92,160.0
Master Of Executions,40,80.0
Venomcrawler,100,110.0
Noctilith Crown,,125.0
Skull Altar,,105.0
Infernal Enrapturess,60x355,60.0
Rein And Raus,25,50.0
Amallyn Shadowguide,32,75.0
Rogue Psyker,32,60.0
Negavolt Cultists,32,55.0
Spindle Drones,25,35.0
Fellgor Beastmen,32,70.0
Assault Intercessor Squad,32,75.0
Assault Intercessor Squad,32,150.0
Land Raider Achilles,,285.0
Land Raider Proteus,,250.0
Fire Raptor Gunship,120x92,290.0
Storm Speeder Thunderstrike,90,150.0
Chief Librarian Tigurius,40,75.0
Ambull,50,85.0
Contorted Epitome,75x42,100.0
Shalaxi Helbane,100,380.0
Syll'esske,50,120.0
Skorpius Dunerider,,85.0
Skorpius Disintegrator,,165.0
Knight Despoiler,170x109,375.0
Knight Tyrant,170x109,410.0
Knight Desecrator,170x109,365.0
Knight Rampager,170x109,365.0
Chaos Acastus Knight Asterius,,765.0
War Dog Moirax,100,150.0
Acastus Knight Asterius,,765.0
Falchion,,515.0
Gladiator Reaper,100,160.0
Eliminator Squad,40,85.0
Ares Gunship,160,580.0
X-101,32,40.0
Gladiator Valiant,100,150.0
Terrax-pattern Termite,,200.0
Da Red Gobbo,32,40.0
Carnodon,,160.0
Death Company Marines,32,85.0
Death Company Marines,32,160.0
Triumph Of Saint Katherine,120x92,235.0
Junith Eruita,50,80.0
Zephyrim Squad,32,80.0
Zephyrim Squad,32,160.0
Mortifiers,50,70.0
Mortifiers,50,140.0
Battle Sanctum,,170.0
Attack Bike Squad,,55.0
Attack Bike Squad,,110.0
Attack Bike Squad,,165.0
Warbringer Nemesis Titan,,2600.0
Big Mek With Kustom Force Field,40,55.0
Serberys Sulphurhounds,60x355,55.0
Serberys Sulphurhounds,60x355,110.0
Serberys Raiders,60x355,60.0
Serberys Raiders,60x355,120.0
Pteraxii Sterylizors,40,80.0
Pteraxii Sterylizors,40,160.0
Pteraxii Skystalkers,40,70.0
Pteraxii Skystalkers,40,140.0
Archaeopter Transvector,170x109,150.0
Archaeopter Stratoraptor,170x109,185.0
Archaeopter Fusilave,170x109,160.0
Aleya,32,65.0
Inquisitor Draxus,32,75.0
Inquisitor Draxus,32,95.0
Illuminor Szeras,80,165.0
The Archivist,50,70.0
Hellblaster Squad,32,110.0
Hellblaster Squad,32,220.0
Aggressor Squad,40,100.0
Aggressor Squad,40,200.0
Adrax Agatone,40,85.0
Land Speeder Typhoon,60,100.0
Command Squad,32,165.0
Darnath Lysander,50,100.0
Plasmancer,32,55.0
Skorpekh Lord,60,90.0
Skorpekh Destroyers,50,90.0
Skorpekh Destroyers,50,180.0
Cryptothralls,32,60.0
Canoptek Reanimator,60,75.0
Canoptek Scarab Swarms,40,40.0
Canoptek Scarab Swarms,40,80.0
Canoptek Doomstalker,90,140.0
Lokhust Heavy Destroyers,60,55.0
Lokhust Heavy Destroyers,60,110.0
Lokhust Heavy Destroyers,60,165.0
Land Raider Redeemer,,270.0
Devastator Squad,32,120.0
Devastator Squad,32,200.0
Primaris Company Champion,32,55.0
Spartan,,315.0
Sternguard Veteran Squad,32,100.0
Sternguard Veteran Squad,32,200.0
Stalker,,140.0
Librarian,40,65.0
Deathstorm Drop Pod,,95.0
Deimos Predator,,115.0
Deredeo Dreadnought,80,170.0
Desolation Squad,32,200.0
Death Company Marines,32,85.0
Death Company Marines,32,160.0
Sammael,60,115.0
Lazarus,40,70.0
Deathwing Command Squad,40,200.0
Deathwing Command Squad,40,400.0
Royal Warden,32,50.0
Lokhust Lord,60,80.0
Technomancer,50,80.0
Psychomancer,40,55.0
Chronomancer,40,65.0
Hexmark Destroyer,50,75.0
C'tan Shard of the Void Dragon,80,300.0
Ophydian Destroyers,50,80.0
Ophydian Destroyers,50,160.0
Lokhust Destroyers,60,40.0
Lokhust Destroyers,60,60.0
Lokhust Destroyers,60,90.0
Lokhust Destroyers,60,180.0
SZAREKH,100,400.0
TRIARCHAL MENHIR,50,400.0
Convergence Of Dominion,,60.0
Convergence Of Dominion,,120.0
Convergence Of Dominion,,180.0
Tomb Citadel Walls,,920.0
Guardian Drone,50,45.0
GRENADIER,25,110.0
HEAVY WEAPONS TEAM,60,110.0
QUARTERMASTER REVENANT,25,45.0
MEDICAE SERVITOR,25,45.0
Elysian Sniper Squad,60,65.0
Death Rider Commissar,40,35.0
Storm Chimera,,90.0
Mega Dread,,225.0
Lord of Virulence,50,100.0
Chaos Predator Destructor,,145.0
Miasmic Malignifier,,105.0
Deathwing Strikemaster,40,80.0
Court Of The Archon,25,95.0
Palatine,32,50.0
Tor Garadon,40,90.0
Technoarcheologist,32,45.0
Skitarii Marshal,32,35.0
Morvenn Vahl,60,170.0
AESTRED THURGA,32,70.0
AGATHAE DOLAN,25,70.0
Celestian Sacresants,32,70.0
Celestian Sacresants,32,130.0
Dogmata,32,45.0
Paragon Warsuits,50,210.0
Castigator,,160.0
IBRAM GAUNT,285,100.0
TANITH GHOST,285,100.0
Zodgrod Wortsnagga,50,90.0
Beastboss,50,80.0
Beastboss On Squigosaur,80,110.0
Painboss,40,70.0
Wurrboy,32,60.0
Mozrog Skragbad,80,145.0
BEAST SNAGGA BOY,32,95.0
BEAST SNAGGA BOY,32,190.0
BEAST SNAGGA NOB,32,95.0
BEAST SNAGGA NOB,32,190.0
Squighog Boyz,75x42,150.0
Squighog Boyz,75x42,300.0
Nob On Smasha Squig,90x52,150.0
Nob On Smasha Squig,90x52,300.0
Kill Rig,170x109,155.0
Hunta Rig,170x109,135.0
Big'ed Bossbunka,,135.0
Infernal Master,40,95.0
Chaos Predator Annihilator,,130.0
NOVITIATE SUPERIOR,32,100.0
SISTER NOVITIATE,285,100.0
Voidsmen-at-arms,25,50.0
Voidsmen-at-arms,25,70.0
Blade Champion,40,120.0
Valerian,40,110.0
Knight-centura,32,55.0
Prosecutors,32,40.0
Prosecutors,32,50.0
Prosecutors,32,75.0
Prosecutors,32,85.0
Vigilators,32,50.0
Vigilators,32,65.0
Vigilators,32,100.0
Vigilators,32,110.0
Witchseekers,32,50.0
Witchseekers,32,65.0
Witchseekers,32,115.0
Witchseekers,32,125.0
Anathema Psykana Rhino,,75.0
Reductus Saboteur,32,65.0
Winged Hive Tyrant,60,170.0
Parasite Of Mortrex,40,80.0
Lieutenant In Phobos Armour,40,55.0
Corsair Voidreavers,285,65.0
Corsair Voidreavers,285,110.0
Corsair Voidscarred,285,80.0
Corsair Voidscarred,285,160.0
Shroud Runners,60,80.0
Shroud Runners,60,160.0
Troupe Master,25,75.0
Shadowseer,25,60.0
Troupe,25,85.0
Troupe,25,100.0
Troupe,25,190.0
Troupe,25,205.0
Death Jester,25,90.0
Solitaire,25,115.0
Skyweavers,60,95.0
Skyweavers,60,190.0
Voidweaver,65,125.0
Starweaver,65,80.0
Yvraine,75x42,100.0
The Visarch,32,90.0
The Yncarne,80,260.0
War Dog Executioner,100,130.0
War Dog Stalker,100,140.0
War Dog Karnivore,100,150.0
War Dog Brigand,100,140.0
War Dog Huntsman,100,140.0
Knight Abominant,170x109,355.0
Impulsor,100,80.0
CULT DEMAGOGUE,32,90.0
OTHER MODELS,285,90.0
Legionaries,32,90.0
Legionaries,32,170.0
MUTANT,25,90.0
MUTANT,25,195.0
TORMENT,40,90.0
TORMENT,40,195.0
Chaos Predator Annihilator,,135.0
Bloodthirster,120x92,305.0
Blue Horrors,25,125.0
PINK HORROR,32,140.0
BLUE HORROR/BRIMSTONE HORROR,25,140.0
Imperial Navy Breachers,25,90.0
FARSTALKERS & KILL-BROKER,285,85.0
KROOT HOUNDS,285,85.0
TRAITOR ENFORCER,32,55.0
TRAITOR OGRYN,40,55.0
Traitor Guardsmen Squad,25,70.0
Mutoid Vermin,25,85.0
NIGHTMARE HULK,40,125.0
GELLERPOX MUTANTS,25,125.0
Ûthar The Destined,40,95.0
Kâhl,40,70.0
Einhyr Champion,40,70.0
GRIMNYR,40,65.0
CORV,25,65.0
BRÔKHYR IRON-MASTER,32,75.0
IRONKIN ASSISTANT,285,75.0
E-COG,25,75.0
Hearthkyn Warriors,285,100.0
Einhyr Hearthguard,32,135.0
Einhyr Hearthguard,32,270.0
Cthonian Beserks,285,100.0
Cthonian Beserks,285,200.0
Hernkyn Pioneers,90x52,80.0
Hernkyn Pioneers,90x52,160.0
Sagitaur,,95.0
Brôkhyr Thunderkyn,40,80.0
Brôkhyr Thunderkyn,40,160.0
Hekaton Land Fortress,,240.0
Lord Solar Leontus,80,130.0
Ursula Creed,32,85.0
Cadian Castellan,285,55.0
CADIAN COMMANDER,285,65.0
CADIAN VETERAN GUARDSMAN,285,65.0
Regimental Attachés,,40.0
Cadian Shock Troops,25,65.0
Cadian Shock Troops,25,120.0
Death Korps Of Krieg,25,65.0
Death Korps Of Krieg,25,145.0
Catachan Jungle Fighters,25,65.0
Catachan Jungle Fighters,25,120.0
Kasrkin,285,110.0
Attilan Rough Riders,60x355,60.0
Attilan Rough Riders,60x355,120.0
Rogal Dorn Battle Tank,,250.0
Aegis Defence Line,,145.0
Angron,100,360.0
Khârn The Betrayer,40,100.0
Lord Invocatus,90x52,110.0
Daemon Prince of Khorne,60,200.0
Lord On Juggernaut,90x52,90.0
Master of Executions,40,60.0
Khorne Berzerkers,32,180.0
Khorne Berzerkers,32,360.0
Jakhals,285,65.0
Jakhals,285,140.0
Chaos Terminators,40,175.0
Chaos Terminators,40,350.0
Eightbound,40,135.0
Eightbound,40,270.0
Exalted Eightbound,40,140.0
Exalted Eightbound,40,280.0
Helbrute,60,120.0
Chaos Spawn,50,90.0
Chaos Land Raider,,220.0
Chaos Predator Destructor,,145.0
Chaos Predator Annihilator,,145.0
Forgefiend,120x92,170.0
Maulerfiend,120x92,150.0
Chaos Rhino,,85.0
Heldrake,120x92,200.0
Khorne Lord of Skulls,,505.0
Ancient In Terminator Armour,40,75.0
Chaplain Cassius,32,80.0
Vashtorr The Arkifane,80,175.0
Lion El'jonson,60,315.0
Vigilant Squad,285,85.0
Subductor Squad,285,85.0
Subductor Squad,285,100.0
Exaction Squad,285,90.0
Barbgaunts,40,55.0
Barbgaunts,40,110.0
Neurogaunts,25,45.0
Neurogaunts,25,90.0
Neurotyrant,50,105.0
Psychophage,120x92,110.0
Screamer-killer,90,135.0
Tyranid Warriors With Melee Bio-weapons,50,75.0
Tyranid Warriors With Melee Bio-weapons,50,150.0
Tyranid Warriors With Ranged Bio-weapons,50,65.0
Tyranid Warriors With Ranged Bio-weapons,50,130.0
Von Ryan's Leapers,40,70.0
Von Ryan's Leapers,40,140.0
Winged Tyranid Prime,50,65.0
Astraeus,160,525.0
Captain In Phobos Armour,40,70.0
Captain On Bike,75x25,95.0
Centurion Assault Squad,50,150.0
Centurion Assault Squad,50,300.0
Fellblade,,535.0
Gladiator Lancer,100,160.0
Ironclad Dreadnought,60,150.0
Judiciar,40,70.0
Kayvaan Shrike,40,100.0
Kor'sarro Khan,40,70.0
Land Raider Helios,,265.0
Land Speeder,60,80.0
OUTRIDER,90x52,80.0
OUTRIDER,90x52,160.0
OUTRIDER,90x52,60.0
INVADER ATV,,80.0
INVADER ATV,,160.0
INVADER ATV,,60.0
Pedro Kantor,25,90.0
Predator Annihilator,,135.0
Predator Destructor,,140.0
Redemptor Dreadnought,90,195.0
Reiver Squad,32,80.0
Reiver Squad,32,160.0
Relic Contemptor Dreadnought,60,180.0
Relic Razorback,,105.0
Repulsor,100,180.0
Repulsor Executioner,100,220.0
Rhino,,75.0
Thunderhawk Transporter,120x92,495.0
Tyrannic War Veterans,25,85.0
Vulkan He'stan,40,100.0
Whirlwind,,190.0
Whirlwind Scorpius,,115.0
Xiphon Interceptor,120x92,115.0
Heretic Astartes Daemon Prince With Wings,60,180.0
Renegade Enforcer,25,65.0
Renegade Heavy Weapons Squad,40,75.0
OGRYN PACK MASTER,40,40.0
OGRYN PACK MASTER,40,70.0
CHAOS MAULER HOUND,60x355,40.0
CHAOS MAULER HOUND,60x355,70.0
Renegade Ogryn Brutes,40,95.0
Renegade Plague Ogryns,40,95.0
Deffkoptas With Big Shootas,75x42,130.0
Death Company Marines With Jump Packs,32,120.0
Death Company Marines With Jump Packs,32,230.0
Sanguinary Priest With Jump Pack,32,100.0
Earthshaker Platform,,110.0
Elysian Drop Sentinel,60,85.0
Leman Russ Eradicator,,170.0
Leman Russ Executioner,,170.0
Leman Russ Exterminator,,180.0
Leman Russ Punisher,,150.0
Leman Russ Vanquisher,,145.0
Tempestus Scions,25,70.0
Tempestus Scions,25,140.0
Ravenwing Command Squad,75x42,120.0
Daemon Prince of Nurgle with Wings,60,195.0
Icon Bearer,32,45.0
Norn Emissary,100,260.0
Norn Assimilator,100,275.0
Neurolictor,50,70.0
Exalted Sorcerer on Disc of Tzeentch,40,100.0
Daemon Prince of Khorne with Wings,60,180.0
Daemon Prince Of Chaos With Wings,60,180.0
Autarch Wayleaper,32,80.0
Inquisitor In Terminator Armour,25,70.0
Damned Legionnaires,25,90.0
Damned Legionnaires,25,180.0
ROGUE TRADER,25,75.0
ROGUE TRADER,25,105.0
OTHER MODELS,25,75.0
OTHER MODELS,25,105.0
Janus Draik,32,40.0
Neyam Shai Murad,32,40.0
Navigator,32,60.0
Navigator,32,75.0
Ur-025,32,55.0
Inquisitorial Agents,25,50.0
Inquisitorial Agents,25,100.0
Inquisitorial Agents,25,60.0
Inquisitorial Agents,25,120.0
Grey Knights Relic Razorback,,95.0
Armiger Moirax,100,150.0
Sir Hekhtur,25,
EPHRAEL STERN,32,85.0
KYGANIL OF THE BLOODY TEARS,32,85.0
Company Heroes,40,105.0
Apothecary,40,50.0
Ancient,40,50.0
Assault Intercessors With Jump Packs,32,90.0
Assault Intercessors With Jump Packs,32,170.0
Spectrus Kill Team,32,180.0
Fortis Kill Team,32,180.0
Indomitor Kill Team,40,250.0
Deathwatch Veterans,32,100.0
Deathwatch Veterans,32,190.0
Impulsor,100,85.0
Gladiator Lancer,100,160.0
Gladiator Valiant,100,160.0
Gladiator Reaper,100,160.0
Repulsor Executioner,100,220.0
Repulsor,100,180.0
GRIMALDUS,40,110.0
CENOBYTE SERVITOR,285,110.0
Castellan,40,60.0
High Marshal Helbrecht,60,120.0
Emperor's Champion,40,90.0
Marshal,40,80.0
Sword Brethren Squad,40,105.0
Sword Brethren Squad,40,130.0
Sword Brethren Squad,40,235.0
Sword Brethren Squad,40,260.0
NEOPHYTES,285,150.0
NEOPHYTES,285,310.0
OTHER MODELS,32,150.0
OTHER MODELS,32,310.0
Venerable Dreadnought,60,140.0
Wolf Guard Pack Leader With Jump Pack,32,
Wolf Guard Pack Leader In Terminator Armour,40,
Wolf Guard Pack Leader,32,
Cyberwolf,40,
Hounds Of Morkai,32,
Castellum Stronghold,,
Wall Of Martyrs Bunker,,180.0
Wall Of Martyrs Defence Line,,140.0
Wall Of Martyrs Defence Line,,280.0
Wall Of Martyrs Defence Emplacement,,140.0
Aegis Defence Line With Weapon Emplacement,,145.0
Khorne Berzerkers,32,180.0
Khorne Berzerkers,32,360.0
Rubric Marine,32,105.0
Rubric Marine,32,190.0
Aspiring Sorcerer,32,105.0
Aspiring Sorcerer,32,190.0
Plague Marines,32,95.0
Plague Marines,32,130.0
Plague Marines,32,190.0
Chaos Thunderhawk,120x92,840.0
Greater Blight Drone,60,150.0
Blood Slaughterer,,160.0
Chaos Thunderhawk,120x92,840.0
Greater Brass Scorpion,,560.0
Kytan Ravager,170x109,425.0
Chaos Thunderhawk,120x92,840.0
Chaos Lord On Palanquin Of Nurgle,60,90.0
NIGHTMARE HULK,40,125.0
GELLERPOX MUTANTS,25,125.0
Hell Blade,120x92,115.0
Hell Talon,120x92,140.0
Mutoid Vermin,25,85.0
Chaos Lord On Disc Of Tzeentch,40,100.0
Hell Blade,120x92,115.0
Hell Talon,120x92,140.0
Sorcerer On Palanquin Of Nurgle,60,80.0
Hell Blade,120x92,115.0
Hell Talon,120x92,140.0
Terrax-pattern Termite,,200.0
Terrax-pattern Termite,,200.0
Terrax-pattern Termite,,200.0
Terrax-pattern Termite,,200.0
Land Raider Achilles,,285.0
Land Raider Achilles,,285.0
Land Raider Achilles,,285.0
Land Raider Achilles,,285.0
Land Raider Proteus,,250.0
Land Raider Proteus,,250.0
Land Raider Proteus,,250.0
Land Raider Proteus,,250.0
Fire Raptor Gunship,120x92,290.0
Fire Raptor Gunship,120x92,290.0
Fire Raptor Gunship,120x92,290.0
Fire Raptor Gunship,120x92,290.0
Spartan,,315.0
Spartan,,315.0
Spartan,,315.0
Spartan,,315.0
Deredeo Dreadnought,80,170.0
Deredeo Dreadnought,80,170.0
Deredeo Dreadnought,80,170.0
Deredeo Dreadnought,80,170.0
Cerberus,,285.0
Cerberus,,285.0
Cerberus,,285.0
Cerberus,,285.0
Kratos,,265.0
Kratos,,265.0
Kratos,,265.0
Kratos,,265.0
Sokar-pattern Stormbird,,1100.0
Sokar-pattern Stormbird,,1100.0
Sokar-pattern Stormbird,,1100.0
Sokar-pattern Stormbird,,1100.0
Sicaran Battle Tank,,220.0
Sicaran Battle Tank,,220.0
Sicaran Battle Tank,,220.0
Sicaran Battle Tank,,220.0
Mastodon,,610.0
Mastodon,,610.0
Mastodon,,610.0
Mastodon,,610.0
Leviathan Dreadnought,80,215.0
Leviathan Dreadnought,80,215.0
Leviathan Dreadnought,80,215.0
Leviathan Dreadnought,80,215.0
Fellblade,,535.0
Fellblade,,535.0
Fellblade,,535.0
Fellblade,,535.0
Relic Contemptor Dreadnought,60,180.0
Relic Contemptor Dreadnought,60,180.0
Relic Contemptor Dreadnought,60,180.0
Relic Contemptor Dreadnought,60,180.0
Whirlwind Scorpius,,115.0
Whirlwind Scorpius,,115.0
Whirlwind Scorpius,,115.0
Whirlwind Scorpius,,115.0
Xiphon Interceptor,120x92,115.0
Xiphon Interceptor,120x92,115.0
Xiphon Interceptor,120x92,115.0
Xiphon Interceptor,120x92,115.0
Rapier Carrier,,100.0
Rapier Carrier,,100.0
Rapier Carrier,,100.0
Rapier Carrier,,100.0
Storm Eagle Gunship,120x92,255.0
Storm Eagle Gunship,120x92,255.0
Storm Eagle Gunship,120x92,255.0
Storm Eagle Gunship,120x92,255.0
Sicaran Venator,,220.0
Sicaran Venator,,220.0
Sicaran Venator,,220.0
Sicaran Venator,,220.0
Typhon,,385.0
Typhon,,385.0
Typhon,,385.0
Typhon,,385.0
Sicaran Punisher,,220.0
Sicaran Punisher,,220.0
Sicaran Punisher,,220.0
Sicaran Punisher,,220.0
Falchion,,515.0
Falchion,,515.0
Falchion,,515.0
Falchion,,515.0
Sydonian Dragoons,105x70,55.0
Sydonian Dragoons,105x70,100.0
Sydonian Dragoons,105x70,150.0
Sydonian Skatros,40,50.0
Inner Circle Companions,40,90.0
Inner Circle Companions,40,180.0
Crisis Sunforge Battlesuits,50,140.0
Crisis Battlesuits,50,120.0
Crisis Battlesuits,50,110.0
Kroot Trail Shaper,32,55.0
Kroot War Shaper,32,50.0
Kroot Flesh Shaper,32,45.0
Kroot Lone-Spear,90x52,80.0
Krootox Rampagers,50,85.0
Krootox Rampagers,50,170.0
Big Mek,50,70.0
Ufthak Blackhawk,50,70.0
Chaos Lord,40,80.0
Cultist Firebrand,32,45.0
Cultist Mob with Firearms,25,50.0
Cultist Mob with Firearms,25,100.0
Canoness,32,75.0
Benefictus,32,70.0
Acolyte Hybrids With Hand Flamers,32,70.0
Acolyte Hybrids With Hand Flamers,32,140.0
Celestian Sacresant Aveline,50,45.0
Ministorum Priest,32,40.0
Grey Knights Terminator Squad,40,190.0
Grey Knights Terminator Squad,40,210.0
Watch Captain Artemis,32,65.0
Watch Master,32,95.0
Deathwatch Veterans,32,100.0
Deathwatch Veterans,32,190.0
Corvus Blackstar,120x92,180.0
Battle Sisters Squad,32,100.0
Battle Sisters Squad,32,115.0
Immolator,,100.0
Immolator,,115.0
Chimera,,70.0
KILL TEAM VETERAN,32,220.0
KILL TEAM BIKER,75x42,220.0
CHAPLAIN CASSIUS,32,220.0
KILL TEAM TERMINATOR,40,220.0
Deathwatch Terminator Squad,40,210.0
Deathwatch Terminator Squad,40,420.0
Veteran Bike Squad,75x25,70.0
Veteran Bike Squad,75x25,140.0
KILL TEAM VETERANS,32,160.0
KILL TEAM VETERANS,32,320.0
KILL TEAM BIKER,75x42,160.0
KILL TEAM BIKER,75x42,320.0
KILL TEAM TERMINATOR,40,160.0
KILL TEAM TERMINATOR,40,320.0
KILL TEAM INTERCESSOR,32,100.0
KILL TEAM INTERCESSOR,32,200.0
KILL TEAM OUTRIDER,90x52,100.0
KILL TEAM OUTRIDER,90x52,200.0
Indomitor Kill Team,40,120.0
Indomitor Kill Team,40,240.0
Spectrus Kill Team,32,90.0
Spectrus Kill Team,32,180.0
Daemonhost,25,40.0
Daemonhost,25,80.0
Jokaero Weaponsmith,25,30.0
Imperial Rhino,,75.0
Captain,40,80.0
Death Company Captain,40,70.0
Death Company Captain,40,75.0
Tempestus Aquilons,285,100.0
Death Company Dreadnought with Magna-grapple,90,145.0
Death Company Marines with Boltguns,32,125.0
Death Company Marines with Boltguns,32,250.0
Death Company Marines with Boltguns and Jump Packs,32,140.0
Death Company Marines with Boltguns and Jump Packs,32,280.0
Tech-priest Dominus,50,65.0
Tech-priest Manipulus,50,60.0
Skitarii Marshal,32,35.0
Skitarii Rangers,25,85.0
Skitarii Vanguard,25,95.0
Cultist Firebrand,32,45.0
CULT DEMAGOGUE,32,90.0
OTHER MODELS,285,90.0
TRAITOR ENFORCER,32,55.0
TRAITOR OGRYN,40,55.0
Renegade Enforcer,25,65.0
Rogue Psyker,32,60.0
Cultist Mob,25,50.0
Cultist Mob,25,100.0
Cultist Mob with Firearms,25,50.0
Cultist Mob with Firearms,25,100.0
MUTANT,25,90.0
MUTANT,25,195.0
TORMENT,40,90.0
TORMENT,40,195.0
Fellgor Beastmen,32,70.0
Traitor Guardsmen Squad,25,70.0
NIGHTMARE HULK,40,125.0
GELLERPOX MUTANTS,25,125.0
Mutoid Vermin,25,85.0
Negavolt Cultists,32,55.0
Renegade Heavy Weapons Squad,40,75.0
OGRYN PACK MASTER,40,40.0
OGRYN PACK MASTER,40,70.0
CHAOS MAULER HOUND,60x355,40.0
CHAOS MAULER HOUND,60x355,70.0
Renegade Ogryn Brutes,40,95.0
Renegade Plague Ogryns,40,95.0
BREAKA BOY,32,140.0
Watch Master,32,95.0
Watch Captain Artemis,32,65.0
Deathwatch Terminator Squad,40,190.0
Deathwatch Terminator Squad,40,350.0
KILL TEAM SERGEANT WITH JUMP PACK AND KILL TEAM INTERCESSORS WITH JUMP PACKS,32,275.0
KILL TEAM HEAVY INTERCESSORS WITH JUMP PACKS,40,275.0
KILL TEAM VETERAN,32,220.0
KILL TEAM BIKER,75x42,220.0
CHAPLAIN CASSIUS,32,220.0
KILL TEAM TERMINATOR,40,220.0
Legionaries,32,110.0
Legionaries,32,190.0
Deathleaper,60,80.0
Parasite Of Mortrex,40,80.0
Winged Hive Tyrant,60,170.0
Winged Tyranid Prime,50,65.0
Gargoyles,32,85.0
Gargoyles,32,170.0
Tyrannocyte,100,105.0
Lictor,50,60.0
Mawloc,120x92,135.0
Neurolictor,50,70.0
Raveners,40,75.0
Raveners,40,150.0
Trygon,120x92,140.0
Von Ryan's Leapers,40,70.0
Von Ryan's Leapers,40,140.0
LORD COMMISSAR,32,65.0
VETERAN GUARDSMAN,25,65.0
Lord Marshal Dreir,75x42,100.0
CATACHAN COMMANDER,25,65.0
VETERAN GUARDSMAN,25,65.0
Rogal Dorn Tank Commander,,275.0
Krieg Combat Engineers,25,60.0
Krieg Combat Engineers,25,95.0
Catachan Heavy Weapons Squad,60,65.0
HEAVY WEAPONS GUNNER,50,75.0
FIRE COORDINATOR,25,75.0
Artillery Team,130,95.0
Artillery Team,100,110.0
Death Riders,60x355,60.0
Death Riders,60x355,120.0
Lhykhis,40,120.0
D-cannon Platform,40,125.0
Shadow Weaver Platform,40,75.0
Vibro Cannon Platform,40,60.0
Wraithknight,120x92,420.0
Ynnari Archon,32,85.0
Ynnari Succubus,25,45.0
Ynnari Kabalite Warriors,25,110.0
Ynnari Wyches,25,90.0
INCUBI,285,85.0
INCUBI,285,170.0
KLAIVEX,285,85.0
KLAIVEX,285,170.0
Ynnari Reavers,32,65.0
Ynnari Reavers,32,120.0
Ynnari Raider,60,80.0
Venom,60,70.0
MINKA LESK,,80.0
LESK'S VETERANS,,80.0
Ratlings,,40.0
Cadian Castellan,285,55.0
CADIAN COMMANDER,285,65.0
CADIAN VETERAN GUARDSMAN,285,65.0
CATACHAN COMMANDER,25,65.0
VETERAN GUARDSMAN,25,65.0
LORD COMMISSAR,32,65.0
VETERAN GUARDSMAN,25,65.0
Leman Russ Commander,,235.0
Primaris Psyker,32,60.0
Rogal Dorn Tank Commander,,275.0
Death Rider Commissar,40,35.0
QUARTERMASTER REVENANT,25,45.0
MEDICAE SERVITOR,25,45.0
MINKA LESK,,80.0
LESK'S VETERANS,,80.0
Cadian Shock Troops,25,65.0
Cadian Shock Troops,25,120.0
Catachan Jungle Fighters,25,65.0
Catachan Jungle Fighters,25,120.0
Death Korps Of Krieg,25,65.0
Death Korps Of Krieg,25,145.0
Chimera,,85.0
Taurox,,75.0
Taurox Prime,,90.0
Storm Chimera,,90.0
Aegis Defence Line,,145.0
Earthshaker Platform,,110.0
Hydra Platform,,95.0
Manticore Platform,,95.0
Sabre Weapons Battery,,45.0
Sabre Weapons Battery,,90.0
Armoured Sentinels,80,65.0
Armoured Sentinels,80,130.0
Artillery Team,130,95.0
Attilan Rough Riders,60x355,60.0
Attilan Rough Riders,60x355,120.0
Baneblade,,450.0
Banehammer,,420.0
Banesword,,450.0
Basilisk,,140.0
Heavy Weapons Squad,50,65.0
Catachan Heavy Weapons Squad,60,65.0
Death Riders,60x355,60.0
Death Riders,60x355,120.0
Deathstrike,,145.0
Doomhammer,,415.0
Artillery Team,100,110.0
Hellhammer,,420.0
Hellhound,,125.0
Hydra,,95.0
Kasrkin,285,110.0
Krieg Combat Engineers,25,60.0
Krieg Combat Engineers,25,95.0
HEAVY WEAPONS GUNNER,50,75.0
FIRE COORDINATOR,25,75.0
Leman Russ Battle Tank,,185.0
Leman Russ Demolisher,,190.0
Leman Russ Eradicator,,170.0
Leman Russ Executioner,,170.0
Leman Russ Exterminator,,180.0
Leman Russ Punisher,,150.0
Leman Russ Vanquisher,,145.0
Manticore,,165.0
Rogal Dorn Battle Tank,,250.0
Scout Sentinels,80,55.0
Scout Sentinels,80,110.0
Shadowsword,,410.0
Stormlord,,430.0
Stormsword,,465.0
Wyvern,,110.0
Cyclops Demolition Vehicle,,25.0
Arkurian Stormhammer,,480.0
Armageddon-pattern Medusa,,105.0
Atlas Recovery Vehicle,,80.0
Carnodon,,160.0
Centaur Light Carrier,,40.0
Colossus,,160.0
Crassus,,180.0
GRENADIER,25,110.0
HEAVY WEAPONS TEAM,60,110.0
Dominus Armoured Siege Bombard,,325.0
Earthshaker Carriage Battery,,120.0
Elysian Drop Sentinel,60,85.0
Elysian Sniper Squad,60,65.0
Gorgon Heavy Transport,,275.0
Griffon Mortar Carrier,,115.0
Hades Breaching Drill,,110.0
Heavy Mortar Team,,50.0
Heavy Quad Launcher Team,,50.0
Macharius,,310.0
Macharius Omega,,310.0
Macharius Vanquisher,,285.0
Macharius Vulcan,,310.0
Malcador,,250.0
Malcador Annihilator,,270.0
Malcador Defender,,310.0
Malcador Infernus,,235.0
Medusa Carriage Battery,,125.0
Minotaur,,225.0
Mukaali Riders,40,110.0
Munitorum Servitors,25,35.0
Praetor,,275.0
Rapier Laser Destroyer Battery,,35.0
Rapier Laser Destroyer Battery,,70.0
Rapier Laser Destroyer Battery,,105.0
Regimental Attachés,,40.0
Salamander Command Vehicle,,80.0
Salamander Scout Vehicle,,95.0
Sentinel Powerlifter,,55.0
Stormblade,,415.0
Stygies Destroyer Tank Hunter,,180.0
Tarantula Battery,,40.0
Tarantula Battery,,80.0
Tarantula Battery,,120.0
Tauros Assault Vehicle,,50.0
Tauros Venator,,55.0
Trojan Support Vehicle,,80.0
Valdor,,285.0
Chaos Lord,40,90.0
Chaos Lord In Terminator Armour,40,95.0
Chaos Lord,40,80.0
Chaos Lord On Disc Of Tzeentch,40,100.0
Chaos Lord On Juggernaut,90x52,115.0
Chaos Lord On Palanquin Of Nurgle,60,90.0
Chaos Lord On Steed Of Slaanesh,,100.0
Chaos Terminator Squad,40,180.0
Chaos Terminator Squad,40,360.0
Chosen,32,125.0
Chosen,32,250.0
Cultist Firebrand,32,45.0
CULT DEMAGOGUE,32,90.0
OTHER MODELS,285,90.0
TRAITOR ENFORCER,32,55.0
TRAITOR OGRYN,40,55.0
Renegade Enforcer,25,65.0
Rogue Psyker,32,60.0
Cultist Mob,25,50.0
Cultist Mob,25,100.0
Cultist Mob with Firearms,25,50.0
Cultist Mob with Firearms,25,100.0
MUTANT,25,90.0
MUTANT,25,195.0
TORMENT,40,90.0
TORMENT,40,195.0
Fellgor Beastmen,32,70.0
Traitor Guardsmen Squad,25,70.0
NIGHTMARE HULK,40,125.0
GELLERPOX MUTANTS,25,125.0
Mutoid Vermin,25,85.0
Negavolt Cultists,32,55.0
Renegade Heavy Weapons Squad,40,75.0
OGRYN PACK MASTER,40,40.0
OGRYN PACK MASTER,40,70.0
CHAOS MAULER HOUND,60x355,40.0
CHAOS MAULER HOUND,60x355,70.0
Renegade Ogryn Brutes,40,95.0
Renegade Plague Ogryns,40,95.0
DARK APOSTLE,40,65.0
DARK DISCIPLE,25,65.0
Havocs,40,125.0
Legionaries,32,90.0
Legionaries,32,170.0
Master Of Possession,40,60.0
Possessed,40,120.0
Possessed,40,240.0
Raptors,32,90.0
Raptors,32,170.0
Sorcerer,40,60.0
Sorcerer On Disc Of Tzeentch,40,80.0
Sorcerer On Palanquin Of Nurgle,60,80.0
Sorcerer On Steed Of Slaanesh,,85.0
Sorcerer In Terminator Armour,40,80.0
Warp Talons,32,125.0
Warp Talons,32,270.0
Fulgrim,130,340.0
Lord Exultant,40,80.0
Tormentors,32,85.0
Tormentors,32,170.0
Infractors,32,85.0
Infractors,32,160.0
Terminator Squad,40,170.0
Chaos Land Raider,,220.0
Lucius the Eternal,50,150.0
Lord Kakophonist,40,70.0
Sorcerer,40,60.0
Daemon Prince of Slaanesh,60,195.0
Daemon Prince of Slaanesh with Wings,60,200.0
Noise Marines,40,145.0
Flawless Blades,40,110.0
Flawless Blades,40,220.0
Chaos Spawn,50,80.0
Maulerfiend,120x92,130.0
Heldrake,120x92,195.0
Chaos Rhino,,80.0
Shalaxi Helbane,100,380.0
Daemonettes,25,90.0
Fiends,75x42,95.0
Fiends,75x42,190.0
Keeper of Secrets,100,270.0
Seekers,60x355,80.0
Seekers,60x355,160.0
Noise Marines,40,145.0
Tormentbringer,120x92,140.0
Hellflayer,120x92,105.0
Hellflayer,120x92,210.0
Karanak,75x42,65.0
Skarbrand,100,305.0
Bloodthirster,120x92,305.0
Bloodletters,32,90.0
Bloodcrushers,90x52,110.0
Bloodcrushers,90x52,220.0
Flesh Hounds,60x355,75.0
Flesh Hounds,60x355,150.0
Lord of Poxes,40,75.0
Foetid Bloat-drone,60,120.0
Rotigus,130,250.0
Great Unclean One,130,250.0
Plaguebearers,32,110.0
Plague Drones,60,115.0
Plague Drones,60,230.0
Beasts of Nurgle,60,65.0
Beasts of Nurgle,60,130.0
Nurglings,40,40.0
Nurglings,40,70.0
Ravener Prime,40,165.0
Raveners,40,165.0
Ravener Prime,40,165.0
Raveners,40,165.0
Servitor Underseer,32,60.0
Combat Servitors and Gun Servitors,25,60.0
Daemon Prince of Tzeentch with Wings,60,170.0
Sekhetar Robots,40,80.0
Sekhetar Robots,40,160.0
Tzaangor Enlightened with Fatecaster Greatbows,40,60.0
Tzaangor Enlightened with Fatecaster Greatbows,40,110.0
Kairos Fateweaver,100,260.0
Lord of Change,100,250.0
Flamers,32,65.0
Flamers,32,130.0
Screamers,32,80.0
Screamers,32,160.0
PINK HORROR,32,115.0
BLUE HORROR/BRIMSTONE HORROR,25,115.0
Blue Horrors/Brimstone Horror,25,90.0
Wolf Priest,40,70.0
Wolf Guard Battle Leader,40,65.0
Wolf Guard Headtakers,40,85.0
Wolf Guard Headtakers,40,110.0
Wolf Guard Headtakers,40,170.0
Wolf Guard Headtakers,40,220.0
Hunting Wolves,60x355,85.0
Hunting Wolves,60x355,110.0
Hunting Wolves,60x355,170.0
Hunting Wolves,60x355,220.0
Wulfen,40,100.0
Wulfen,40,200.0
Wulfen Dreadnought,60,145.0
Knight Ruinator,170x109,375.0
Execrator,40,70.0
Crusade Ancient,40,65.0
Sternguard Veteran Squad,32,85.0
Sternguard Veteran Squad,32,170.0
Terminator Squad,40,175.0
Terminator Squad,40,330.0
Land Raider Crusader,,220.0
Buri Aegnirssen,40,110.0
Memnyr Strategist,32,45.0
Arkanyst Evaluator,32,75.0
Knight Defender,170x109,425.0
Greater Daemon,100,
Lesser Daemons,32,
Abomination,50,
Daemonic Beasts,75x42,
NEOPHYTES,25,
OTHER MODELS,32,
Lady Malys,32,
Hand of the Archon,25,
Scourges,32,
Death Jester,25,
Shadowseer,25,
Solitaire,25,
Troupe Master,25,
Starweaver,65,
Skyweavers,60,
Troupe,25,
Voidweaver,65,
Captain,50,
Captain On Bike,90x52,
Corsair Voidreavers,285,
Corsair Voidscarred,285,
Corsair Cloud Dancer Band,32,
Corsair Reaver Band,25,
Corsair Skyreaver Band,25,
INQUISITOR OSTROMANDEUS,32,
STENTOR-I-52,285,
"KILL TEAM SERGEANT, DEATHWATCH VETERAN",32,
GRAVIS VETERAN,40,
"KILL TEAM SERGEANT, DEATHWATCH VETERAN",32,
GRAVIS VETERAN,40,
Canoptek Macrocytes,285,
Canoptek Tomb Crawlers,50,
Geomancer,50,
Judiciar Xacharus,40,
Chaplain Kastiel,40,
Da Red Gobbo Tinboy,40,
WOLF SCOUTS,32,
HUNTING WOLVES,60x355,
MARNEUS CALGAR,50,
Cato Sicarius,40,
Victrix Honour Guard,40,
Nekrosor Ammentar,80,
Captain Titus,40,
"Ancient Gadriel, Veteran Sergeant Metaurus",40,
"Gaius Silva, Aemelia Minervas, Dainal Kornelius, Lucia Vestha",285,
Celestian Insidiants,32,
"GARLON SOULEATER, GARREON THE CORPSEMASTER, KATAR GARRIX",40,
"CAPTAIN SARGOTTA, THE ENFORCER",40,
Prince Yriel,40,
Prince Yriel,32,
Starfangs,105x70,
Corsair Skyreavers,285,
Prince Yriel,32,
Prince Yriel,40,
Corsair Skyreavers,285,
Starfangs,105x70,
Ferren Areios,40,
Mutilators,50,
Defiler,160,
Defiler,160,
Defiler,160,
Thulia Ghuld,80,
Hastarii Exterminators,32,
Hastarii Fusiliers,32,
Knight Destrier,150x95,
